empid,fname,lname,email,address,city,state,zip
1,Griff,Angood,gangood0@whitehouse.gov,5 Becker Plaza,Futian,,
2,Abba,Choffin,achoffin1@zdnet.com,0 Park Meadow Way,Bonanza,,
3,Dottie,Grindlay,dgrindlay2@google.cn,30631 Thackeray Trail,Obrera,Veracruz Llave,96370
4,Erina,Dauney,edauney3@1688.com,94153 Derek Alley,Zavety Il’icha,,682803
5,Anthia,Carthew,acarthew4@amazon.de,12 Summit Pass,Kurgan,,640961
6,Alexis,McGaughie,amcgaughie5@booking.com,5 Old Gate Terrace,Quinta,Viana do Castelo,4980-559
7,Jabez,Allom,jallom6@mysql.com,00 Armistice Point,Kragujevac,,
8,Tamra,Luffman,tluffman7@dyndns.org,16 Scoville Alley,Świeradów-Zdrój,,59-852
9,Bonni,Chater,bchater8@topsy.com,34 Kedzie Trail,Chegutu,,
10,Mar,Wiggam,mwiggam9@weibo.com,56275 Carey Way,Tobias Barreto,,49300-000
11,Merry,Arpur,marpura@mac.com,067 Hauk Place,Coyaima,,735037
12,Berthe,Tuberfield,btuberfieldb@nydailynews.com,4 Manitowish Crossing,Montbéliard,Franche-Comté,25215 CEDEX
13,Elsey,Clipston,eclipstonc@webnode.com,98 Lake View Crossing,Maguilling,,3527
14,Henka,Tubb,htubbd@godaddy.com,5237 Acker Hill,San Marcos,,
15,Kurtis,Hodge,khodgee@ihg.com,10018 Rockefeller Circle,General Emilio Aguinaldo,,4124
16,Gaspar,Johantges,gjohantgesf@ustream.tv,809 Huxley Lane,Shuicha,,
17,Kamilah,Edgerly,kedgerlyg@merriam-webster.com,7247 Kinsman Junction,Charenton-le-Pont,Île-de-France,94224 CEDEX
18,Celina,Ketch,cketchh@bbc.co.uk,5552 Judy Center,Besukrejo,,
19,Aldis,Baynes,abaynesi@joomla.org,3042 Rieder Alley,Mayahi,,
20,Rhodie,Thomson,rthomsonj@netlog.com,8 Melody Drive,Koronganayam,,
21,Kellia,Rubery,kruberyk@guardian.co.uk,9372 Autumn Leaf Parkway,Obuasi,,
22,Curry,Laughtisse,claughtissel@psu.edu,2 Clove Pass,Guangshun,,
23,Ibrahim,Siggers,isiggersm@businessinsider.com,8080 Nelson Plaza,Duncan Town,,
24,Gwen,Caplin,gcaplinn@google.com,41 Di Loreto Trail,Dogarmo,,
25,Bealle,Rawlcliffe,brawlcliffeo@hao123.com,42697 Scofield Trail,Banjar Ambengan,,
26,Alverta,Lapley,alapleyp@yolasite.com,0 Manley Place,Allacapan,,3523
27,Valentia,McCutcheon,vmccutcheonq@cyberchimps.com,12915 Northview Place,Shanghudi,,
28,Doris,Micheau,dmicheaur@addtoany.com,35039 Lake View Lane,Paris 02,Île-de-France,75104 CEDEX 02
29,Roland,Buttwell,rbuttwells@ning.com,84 Golden Leaf Court,Nawal,,
30,Rice,Koenraad,rkoenraadt@youtu.be,2557 Homewood Park,Neresnytsya,,
31,Gianina,Knowler,gknowleru@mtv.com,417 Harper Plaza,Santo Domingo,,4508
32,Standford,Weald,swealdv@alibaba.com,1461 Hayes Center,Banda Layung,,
33,Mia,Bluschke,mbluschkew@irs.gov,1 Carioca Point,Haixing,,
34,Robina,Dacca,rdaccax@nhs.uk,32321 Drewry Parkway,Liangcunchang,,
35,Jordan,Chrestien,jchrestieny@engadget.com,5027 Messerschmidt Center,Petro-Slavyanka,,196851
36,Kathie,Broadfoot,kbroadfootz@bbc.co.uk,557 7th Park,Kyllíni,,
37,Tobiah,Dauber,tdauber10@phpbb.com,149 Meadow Ridge Pass,Shixi,,
38,Bridget,Glencorse,bglencorse11@yellowbook.com,52752 Continental Trail,Villa Atamisqui,,4317
39,Joella,Neve,jneve12@who.int,25007 Clemons Park,Bouaké,,
40,Lanny,Cathersides,lcathersides13@cocolog-nifty.com,6956 Rieder Way,Bilozerka,,
41,Thadeus,Tolussi,ttolussi14@nydailynews.com,53 Dennis Plaza,Lhari,,
42,De,Lezemore,dlezemore15@vinaora.com,4448 Sunbrook Road,Pinggang,,
43,Mayne,Heindl,mheindl16@toplist.cz,493 Fair Oaks Park,Leonárisso,,
44,Hanson,Jinkins,hjinkins17@jigsy.com,2 Mallory Pass,Ormstown,Québec,J0S
45,Stepha,Brunroth,sbrunroth18@hp.com,393 Graedel Park,Castlebridge,,R14
46,Dermot,Walliker,dwalliker19@go.com,7 Lakeland Drive,Wonokerso,,
47,Hana,Spilsted,hspilsted1a@booking.com,6 Packers Street,Lanpelan,,
48,Janina,Lumby,jlumby1b@java.com,028 Texas Crossing,Qiling,,
49,Reamonn,Elnaugh,relnaugh1c@jiathis.com,7 Blaine Road,Bulubrangsi,,
50,Dyanna,Dossit,ddossit1d@chron.com,170 Glendale Street,Wolmaransstad,,2630
51,Lanny,Ponten,lponten1e@sbwire.com,90170 Ilene Place,Nelidovo,,182156
52,Nicol,Murtagh,nmurtagh1f@huffingtonpost.com,6011 Holmberg Place,Usicayos,,
53,Odille,MacAleese,omacaleese1g@jalbum.net,4 Troy Alley,Sokobanteng,,
54,Leonidas,Heber,lheber1h@networksolutions.com,418 Sundown Crossing,Az Zintān,,
55,Alikee,Drohane,adrohane1i@china.com.cn,8486 North Court,Mitsuke,,954-0153
56,Grady,Josephov,gjosephov1j@mtv.com,6 Fisk Trail,Yun’an,,
57,Oliver,Oyley,ooyley1k@wordpress.org,1434 Moland Park,Sudogda,,601352
58,Dewie,Frow,dfrow1l@craigslist.org,5 Waubesa Place,Goczałkowice Zdrój,,43-503
59,Dell,Goby,dgoby1m@miibeian.gov.cn,99 Marquette Parkway,Bukonyo,,
60,Stormie,Alexandrou,salexandrou1n@hexun.com,5 Transport Junction,Suqin Huimin,,
61,Jessica,O'Cahey,jocahey1o@behance.net,89 Dryden Drive,Uto,,714-1405
62,Cly,Gors,cgors1p@nature.com,936 Lindbergh Hill,Le Havre,Haute-Normandie,76059 CEDEX
63,Janella,Haddrell,jhaddrell1q@baidu.com,721 Meadow Valley Way,Kericho,,
64,Hugues,Jancy,hjancy1r@oracle.com,770 Derek Avenue,Oklahoma City,Oklahoma,73190
65,Carlie,Lashmore,clashmore1s@apache.org,3 Warrior Place,Rizal,,7104
66,Vanya,Kelsey,vkelsey1t@walmart.com,06 Clove Place,Cibalieur,,
67,Ambrose,Baselli,abaselli1u@skyrock.com,261 Bonner Circle,Tha Maka,,71120
68,Guglielmo,Hopewell,ghopewell1v@instagram.com,61763 Golden Leaf Court,Jamaica,New York,11499
69,Helaine,Rose,hrose1w@usatoday.com,37 Tomscot Road,Lyubotyn,,
70,Lorelle,Khotler,lkhotler1x@dell.com,33 Westridge Way,Taoyuan,,
71,Mariette,Tinto,mtinto1y@furl.net,76718 Monica Hill,Huangge,,
72,Pansy,Cowley,pcowley1z@jalbum.net,07 Mccormick Court,Pueai Noi,,40340
73,Shawn,Lennie,slennie20@dell.com,69360 Arkansas Park,Hekou,,
74,Lola,Keese,lkeese21@reddit.com,4461 5th Junction,Riba de Ave,Braga,4765-190
75,Bradley,Swinglehurst,bswinglehurst22@opera.com,9 Loeprich Junction,Rios Frios,Coimbra,3025-610
76,Mab,MacTeggart,mmacteggart23@prlog.org,82534 Saint Paul Parkway,Comalapa,,
77,Elizabet,Bradnick,ebradnick24@yellowpages.com,9207 Manley Road,Magisterial,Zacatecas,99750
78,Gabrila,Lease,glease25@csmonitor.com,55669 Loeprich Point,Jämsänkoski,,42301
79,Fanny,Duddy,fduddy26@tripadvisor.com,94476 Elgar Street,Agusan,,3702
80,Bone,Peedell,bpeedell27@mozilla.com,24544 Burning Wood Drive,Rumphi,,
81,Dredi,Jorczyk,djorczyk28@csmonitor.com,80746 Lien Center,San Pedro,Mexico,52140
82,Elbertina,Abbott,eabbott29@foxnews.com,9 Glendale Alley,Kuching,Sarawak,93722
83,Berke,Fellenor,bfellenor2a@amazon.co.jp,13867 Vidon Parkway,Montpellier,Languedoc-Roussillon,34004 CEDEX 1
84,Stuart,Lias,slias2b@nsw.gov.au,37 Hermina Street,Brześć Kujawski,,87-880
85,Kissiah,Hankey,khankey2c@google.ru,25 Bunker Hill Lane,Manna,,
86,Noelani,Noorwood,nnoorwood2d@seattletimes.com,68892 Arizona Avenue,Plyeshchanitsy,,
87,Nicolis,Lowless,nlowless2e@google.com.au,0 Nancy Avenue,Targanice,,32-652
88,Reyna,Devas,rdevas2f@alexa.com,1 Mariners Cove Park,Benoy,,
89,Quintus,Szubert,qszubert2g@feedburner.com,5782 Victoria Circle,Casigua El Cubo,,
90,Ross,Leworthy,rleworthy2h@examiner.com,1 Morning Park,Dziadkowice,,17-306
91,Faunie,Kleinber,fkleinber2i@smugmug.com,78 Golf Course Alley,Soito,Viseu,3460-710
92,Anne,Beakes,abeakes2j@pbs.org,69453 Northport Parkway,Quận Sáu,,
93,Alikee,Harbron,aharbron2k@infoseek.co.jp,641 Carey Pass,Da’an,,
94,Maximo,Pybus,mpybus2l@uol.com.br,0344 Northport Trail,Jaquimeyes,,10411
95,Yance,Clementet,yclementet2m@omniture.com,0 Roxbury Point,Almelo,Provincie Overijssel,7609
96,Julian,Arlidge,jarlidge2n@ocn.ne.jp,67956 Lawn Center,Robertsfors,Västerbotten,915 32
97,Nathaniel,Sebrens,nsebrens2o@bloglines.com,129 Paget Crossing,Ribeira Grande,,
98,Faustine,Derington,fderington2p@is.gd,4303 Monterey Court,Opaka,,7844
99,Melanie,Lindeberg,mlindeberg2q@utexas.edu,465 Oak Valley Center,Əhmədbəyli,,
100,Diannne,Khosa,dkhosa2r@cmu.edu,25573 Sauthoff Drive,Sumberdadi,,
101,Menard,Aleksidze,maleksidze2s@usgs.gov,05 Autumn Leaf Drive,Koran,,
102,Ardra,Wheatman,awheatman2t@va.gov,1 La Follette Road,Kozakai-chō,,442-0889
103,Ronica,Havers,rhavers2u@washington.edu,71567 Graceland Place,Serrinha,Porto,4620-400
104,Meredith,Bethel,mbethel2v@senate.gov,196 Sommers Place,Castro,,84160-000
105,Bran,Ishak,bishak2w@blogger.com,05 Surrey Point,Yinghua,,
106,Yalonda,Rive,yrive2x@indiegogo.com,64 Toban Park,Obala,,
107,Allyn,Le Grys,alegrys2y@aol.com,3566 Morrow Plaza,Buk,,64-320
108,Xever,Legrave,xlegrave2z@1und1.de,9 Mcguire Hill,Hatsukaichi,,738-0013
109,Sig,Milillo,smilillo30@wix.com,125 Dakota Lane,Prinza,,2008
110,Enriqueta,John,ejohn31@icq.com,1 Eastwood Center,Orita Eruwa,,
111,Kasper,Savin,ksavin32@marketwatch.com,743 Bartillon Plaza,Vikbolandet,Östergötland,610 25
112,Ilysa,Zanassi,izanassi33@army.mil,45 Westerfield Court,Komiža,,21485
113,Merla,Meineck,mmeineck34@fema.gov,560 Debra Center,Bronx,New York,10464
114,Ashia,Mazzey,amazzey35@amazon.com,12 Stephen Drive,Stockholm,Stockholm,116 45
115,Waite,Kenway,wkenway36@sitemeter.com,4425 Tennessee Court,Losino-Petrovskiy,,353318
116,Nehemiah,Bergin,nbergin37@ftc.gov,9 Elmside Avenue,Miyako,,969-6522
117,Nanon,Tinker,ntinker38@uol.com.br,41 Vera Terrace,Merlo,,5881
118,Kenton,Heyburn,kheyburn39@mashable.com,15266 Lakewood Road,Hřebeč,,571 01
119,Quentin,Joblin,qjoblin3a@disqus.com,831 Mariners Cove Parkway,Tsagaan-Owoo,,
120,Leonie,Dadds,ldadds3b@admin.ch,6 Service Hill,Teno,,
121,Corly,Rumens,crumens3c@forbes.com,363 Ridge Oak Center,Janów,,42-253
122,Neysa,Whiley,nwhiley3d@google.cn,98817 Holmberg Drive,Salitrillos,,10607
123,Tammy,Monteith,tmonteith3e@usnews.com,3439 Fordem Junction,Odolena Voda,,250 70
124,Phineas,Jeyes,pjeyes3f@thetimes.co.uk,19 Fuller Court,Cerro Blanco,,
125,Caro,McKinlay,cmckinlay3g@jimdo.com,20 Little Fleur Avenue,Tabuny,,658860
126,Tally,Fripps,tfripps3h@networksolutions.com,4 Pleasure Avenue,Troyits’ke,,
127,Corbie,Cardon,ccardon3i@t-online.de,7496 Dryden Trail,Ciseda,,
128,Maridel,Ingleton,mingleton3j@ameblo.jp,36891 Claremont Terrace,Pondokdalem,,
129,Johan,Yare,jyare3k@home.pl,971 Sachs Crossing,Longshi,,
130,Sigismondo,Shopcott,sshopcott3l@google.cn,77833 Schmedeman Drive,Vårby,Stockholm,143 42
131,Judah,Duff,jduff3m@networkadvertising.org,55013 Warbler Park,Haymā’,,
132,Orly,Chritchlow,ochritchlow3n@boston.com,22862 Miller Drive,Xingshou,,
133,Eleni,Cristofvao,ecristofvao3o@seesaa.net,8 Hanson Circle,Ké-Macina,,
134,Taber,Chastenet,tchastenet3p@wired.com,48 Merry Street,Sedlarevo,,1231
135,Christian,Beadman,cbeadman3q@taobao.com,56351 Bay Drive,Youhao,,
136,Melisande,Castillon,mcastillon3r@nifty.com,12548 Meadow Ridge Way,Jabłoń,,21-205
137,Thom,Bullin,tbullin3s@mlb.com,0 Algoma Avenue,Wadeng,,
138,Kaspar,Muldownie,kmuldownie3t@geocities.com,2 Swallow Plaza,Comandante Luis Piedra Buena,,9303
139,Dulcia,Baynard,dbaynard3u@google.de,515 Darwin Lane,Nikhom Phattana,,46240
140,Vaughn,Looks,vlooks3v@cnn.com,89 American Ash Lane,Arkalyk,,
141,Cornie,Simoncelli,csimoncelli3w@amazonaws.com,196 Kim Hill,Leuwidamar,,
142,Obie,Bown,obown3x@state.gov,7 Welch Park,Yerba Buena,,4622
143,Elmore,Danielczyk,edanielczyk3y@quantcast.com,6 Westport Crossing,Lovrenc na Pohorju,,2344
144,Minetta,Trustie,mtrustie3z@princeton.edu,14 Carberry Junction,Cikarang,,
145,Kermit,Siggee,ksiggee40@ucoz.ru,36828 Mallard Road,Hantang,,
146,Sylvester,Eleshenar,seleshenar41@ibm.com,371 Ramsey Circle,Hobor,,
147,Krissie,Garm,kgarm42@tmall.com,583 Randy Crossing,Sucre,,
148,Crissy,Trouncer,ctrouncer43@oracle.com,25 Ridgeview Junction,Vitória do Mearim,,65350-000
149,Clareta,Tomankiewicz,ctomankiewicz44@ezinearticles.com,710 Thompson Alley,Liyang,,
150,Thomasa,Flexman,tflexman45@webs.com,0271 Esker Crossing,Sikur,,
151,Tomlin,Hastin,thastin46@cafepress.com,4297 Stoughton Park,Nanhai,,
152,Rosabel,McMeanma,rmcmeanma47@cargocollective.com,37970 Chinook Crossing,Volovets,,
153,Humfrey,Tupie,htupie48@mapy.cz,0 Waxwing Avenue,Rattanawapi,,36190
154,Magnum,Leban,mleban49@sogou.com,8914 Blaine Junction,Paris 17,Île-de-France,75853 CEDEX 17
155,Shannon,Burgan,sburgan4a@hp.com,8085 Golf Course Crossing,Luoyang,,
156,Boote,MacFadzean,bmacfadzean4b@bloglines.com,54208 American Ash Point,Nagosela,Viseu,3440-635
157,Sam,Helstrom,shelstrom4c@telegraph.co.uk,6 Fair Oaks Street,Xin’an,,
158,Clarinda,Aikenhead,caikenhead4d@liveinternet.ru,29990 Hooker Point,Bernardo de Irigoyen,,2248
159,Vanya,Bonney,vbonney4e@cnet.com,06 Nelson Road,Bendo,,
160,Cookie,Danilchik,cdanilchik4f@stanford.edu,80 Nancy Circle,Bystryanka,,659555
161,Zea,Caveill,zcaveill4g@cam.ac.uk,09 Golf View Road,Serra da Boa Viagem,Coimbra,3080-352
162,Waldemar,Perago,wperago4h@behance.net,65 Veith Lane,Jetak Kulon,,
163,Christoper,Marden,cmarden4i@prlog.org,4 Meadow Ridge Street,Yidu,,
164,Claresta,Rosen,crosen4j@ask.com,72 Canary Place,Al Khushnīyah,,
165,Terrell,Shoveller,tshoveller4k@buzzfeed.com,88721 Forest Dale Point,Maqia,,
166,Cristabel,Athow,cathow4l@dedecms.com,3 Algoma Alley,Meizhuang,,
167,Desi,Lyfield,dlyfield4m@woothemes.com,72 Bellgrove Road,Shuanghe,,
168,Keary,Krout,kkrout4n@bravesites.com,840 Di Loreto Terrace,Vilque,,
169,Moss,Blaskett,mblaskett4o@ucoz.ru,45 Barnett Terrace,San Cristobal,Guanajuato,36800
170,Tracy,Krugmann,tkrugmann4p@si.edu,91472 Parkside Place,Wangpu,,
171,Karin,Paradise,kparadise4q@github.io,70631 Crownhardt Lane,Las Palmas,Guanajuato,36200
172,Justis,McLae,jmclae4r@wordpress.com,4056 Vernon Center,Zheleznodorozhnyy,,393925
173,Guillermo,Bridell,gbridell4s@amazon.co.uk,47 Kings Avenue,Usol’ye,,618460
174,Kally,Patshull,kpatshull4t@vinaora.com,88208 Debs Plaza,Libertad,,9021
175,Anne-corinne,Barenskie,abarenskie4u@nydailynews.com,6 Burning Wood Hill,Nanaimo,British Columbia,V6L
176,Gui,Gahagan,ggahagan4v@xinhuanet.com,282 Knutson Plaza,Rzeszów,,35-959
177,Bibbye,Keggins,bkeggins4w@bandcamp.com,52596 Melrose Hill,Kilifi,,
178,Natale,Cockney,ncockney4x@histats.com,186 Amoth Road,Allealle,,
179,Tine,Veltman,tveltman4y@nasa.gov,02 Havey Center,Qal‘at al Andalus,,
180,Francesco,Gate,fgate4z@marriott.com,30 Esker Court,Yambio,,
181,Jermain,Netherwood,jnetherwood50@blog.com,921 Thackeray Road,Nijemci,,32245
182,Rutger,Maffini,rmaffini51@google.ca,347 Graedel Street,Jesús María,,5223
183,Berke,Cherrington,bcherrington52@lulu.com,7555 Arrowood Drive,Nkove,,
184,Griselda,Butrimovich,gbutrimovich53@nsw.gov.au,359 Nova Street,Antonina,,83370-000
185,Ebeneser,McCloud,emccloud54@gov.uk,0 Summer Ridge Way,Sośnie,,63-435
186,Karine,Killock,kkillock55@xrea.com,60 Kropf Street,Sugihan,,
187,Maurice,Tizzard,mtizzard56@jigsy.com,36 Hanson Plaza,Krajan Alastengah,,
188,Josi,Mixworthy,jmixworthy57@phpbb.com,58 Lerdahl Parkway,Emiliano Zapata,Morelos,62984
189,Shannon,Gutch,sgutch58@imageshack.us,4 Chinook Lane,Xiaoweizhai,,
190,Micky,Monnelly,mmonnelly59@homestead.com,2 Mosinee Hill,Pyatnitskoye,,309666
191,Fiann,Fudge,ffudge5a@mlb.com,442 Warrior Drive,Rosario,,8504
192,Nichole,Dobbinson,ndobbinson5b@un.org,3 Paget Alley,Aplahoué,,
193,Margaret,Wegenen,mwegenen5c@techcrunch.com,3 Starling Point,Zibreira,Santarém,2350-833
194,Chan,Nutt,cnutt5d@skype.com,6164 Debra Road,Hägersten,Stockholm,126 31
195,Angie,Morefield,amorefield5e@cargocollective.com,080 Sheridan Junction,Barra de Carrasco,,
196,Cherlyn,Beeble,cbeeble5f@house.gov,2 Bartillon Road,Guantun,,
197,Devonna,Divina,ddivina5g@goodreads.com,16 Vernon Center,Alice,,5708
198,Friederike,Pechan,fpechan5h@ft.com,99 Bluestem Street,Valdice,,512 51
199,Judye,Gigg,jgigg5i@aol.com,2649 Old Gate Parkway,Chãos,Viseu,4690-805
200,Sigfried,Foulser,sfoulser5j@walmart.com,826 Truax Hill,Marneuli,,
201,Jenni,Livett,jlivett5k@sakura.ne.jp,10 Fulton Place,Bosanski Šamac,,
202,Nariko,Kopisch,nkopisch5l@addtoany.com,90793 Moland Lane,Wangzuizi,,
203,Alaster,Dacey,adacey5m@cdc.gov,30960 Londonderry Place,Évry,Île-de-France,91982 CEDEX 9
204,Liv,Adney,ladney5n@123-reg.co.uk,42 Evergreen Circle,Qulsary,,
205,Dale,Donovan,ddonovan5o@w3.org,4 Westridge Trail,Lidian,,
206,Bernita,Ervine,bervine5p@adobe.com,637 Paget Junction,Jinshi,,
207,Guglielmo,Behn,gbehn5q@google.it,3 Harbort Court,San Isidro,,8421
208,Randolf,Zack,rzack5r@topsy.com,034 David Street,Karpogory,,396841
209,Jessamyn,Satterthwaite,jsatterthwaite5s@cloudflare.com,7 Warner Junction,Registro,,11900-000
210,Aubrette,Twiddell,atwiddell5t@ycombinator.com,335 Florence Junction,Estrela,,95880-000
211,Judith,Sharples,jsharples5u@a8.net,2 Pond Pass,Arsenal,,
212,Starlene,Boshere,sboshere5v@unesco.org,22 Bluestem Trail,Jiantianjie,,
213,Melba,Bramstom,mbramstom5w@edublogs.org,20 Holy Cross Center,Dikou,,
214,Sallee,Escala,sescala5x@eepurl.com,1 Del Sol Drive,Barão de Melgaço,,78190-000
215,Gisella,Coch,gcoch5y@virginia.edu,0374 Mosinee Circle,Ferraria,Leiria,2445-079
216,Roanna,Kleinsmuntz,rkleinsmuntz5z@booking.com,4 Sauthoff Drive,Port Elizabeth,,
217,Toinette,Townend,ttownend60@biblegateway.com,2 Rutledge Street,Nagaracinta,,
218,Berenice,Marran,bmarran61@mayoclinic.com,06585 Clarendon Park,Norman Wells,Northwest Territories,H3G
219,Kenon,Smurfit,ksmurfit62@washingtonpost.com,01779 Meadow Vale Hill,Macatuba,,17290-000
220,Bail,Sansom,bsansom63@alibaba.com,07106 La Follette Park,Kesambilerenkrajan,,
221,Garrick,Bratcher,gbratcher64@columbia.edu,60 Marquette Parkway,Al Ḩīlah,,
222,Billy,Skade,bskade65@yahoo.co.jp,298 Gerald Center,Driefontein,,4142
223,Devlen,Ghione,dghione66@example.com,8505 Dapin Road,Lidoríki,,
224,Arnie,Holston,aholston67@dedecms.com,922 Valley Edge Trail,Karmai,,
225,Loleta,Tailour,ltailour68@discuz.net,1884 Sachs Terrace,Aurora,,7020
226,Edgard,Giffard,egiffard69@elegantthemes.com,00327 Linden Junction,Åby,Östergötland,616 32
227,Trey,Eykelbosch,teykelbosch6a@irs.gov,26261 Straubel Road,Xiekou,,
228,Dayna,Calderon,dcalderon6b@plala.or.jp,1353 Hoard Terrace,Volovets,,
229,Zacharias,Guyot,zguyot6c@cnet.com,0834 Moland Pass,Plymouth,,
230,Jocko,Massie,jmassie6d@comsenz.com,1608 Talmadge Hill,Maquanzhen,,
231,Morey,Poor,mpoor6e@archive.org,2 Steensland Place,Sacapulas,,14016
232,Zackariah,Pryor,zpryor6f@usa.gov,2793 Onsgard Place,Cravinhos,,14140-000
233,Sarina,Robatham,srobatham6g@t-online.de,07450 Southridge Alley,Stockholm,Stockholm,117 37
234,Lulu,Rings,lrings6h@google.it,15866 Sunnyside Park,Moulay Abdallah,,
235,Oralee,Steuhlmeyer,osteuhlmeyer6i@un.org,80959 Laurel Pass,Zhongtang,,
236,Mortimer,Visco,mvisco6j@biglobe.ne.jp,08 Ramsey Circle,Dabu,,
237,Dewitt,Glasman,dglasman6k@shutterfly.com,97 Mendota Way,Cheremnoye,,659029
238,Dredi,Loddy,dloddy6l@google.co.uk,08 Fisk Parkway,Waihi Beach,,3642
239,Bone,Oliva,boliva6m@storify.com,3 Bashford Park,Baixi,,
240,Catarina,Bonus,cbonus6n@squarespace.com,81 Mifflin Way,Morelos,Oaxaca,71142
241,Audrye,Moralee,amoralee6o@auda.org.au,00 Maryland Avenue,Bairro do Margaça,Setúbal,2965-530
242,Cyndy,Gooddy,cgooddy6p@twitter.com,3 Rowland Road,Pantenan,,
243,Kaleena,Kilshall,kkilshall6q@netvibes.com,1936 Norway Maple Avenue,Skolkovo,,249028
244,Torrie,Petteford,tpetteford6r@nationalgeographic.com,877 Crownhardt Court,Cimara,,
245,Alvin,Wann,awann6s@barnesandnoble.com,2121 Gale Crossing,Nýřany,,330 23
246,Margit,Vevers,mvevers6t@multiply.com,3 Talisman Plaza,Shanglian,,
247,Inez,Gymlett,igymlett6u@nba.com,79 Mcguire Point,Vermelha,Lisboa,2550-523
248,Jorry,Killerby,jkillerby6v@nhs.uk,07 Kingsford Trail,Tejar,,11204
249,Talia,Wastall,twastall6w@youku.com,064 International Lane,Concepción,,053817
250,Burg,Bartolic,bbartolic6x@moonfruit.com,3754 Northfield Parkway,Licheng,,
251,Ira,Heinssen,iheinssen6y@theguardian.com,23214 Lotheville Hill,Kaiama,,
252,Milka,Girk,mgirk6z@shutterfly.com,04 Ludington Circle,Sida,,30430
253,Clarice,Strooband,cstrooband70@de.vu,8052 Holmberg Drive,Igir-igir,,
254,Keith,Elcome,kelcome71@myspace.com,95 Tomscot Center,Alīābad,,15600
255,Bengt,Buss,bbuss72@live.com,4 Crest Line Junction,Guantou,,
256,Cecil,Crackett,ccrackett73@list-manage.com,17 Hooker Crossing,Oitui,,
257,Cull,Shuxsmith,cshuxsmith74@wired.com,67142 8th Way,Heqiao,,
258,Jerald,Arsnell,jarsnell75@opensource.org,838 Esker Lane,Qingyang,,
259,Emmeline,Baglan,ebaglan76@tmall.com,0 Crownhardt Point,Al Maḩwīt,,
260,Linnet,Loveless,lloveless77@berkeley.edu,27349 South Hill,Kelmė,,86001
261,Timmy,Hodjetts,thodjetts78@com.com,333 Riverside Alley,Noyal-sur-Vilaine,Bretagne,35538 CEDEX
262,Kimberlee,Limprecht,klimprecht79@fastcompany.com,288 Annamark Circle,Haradzishcha,,
263,Camille,Bahls,cbahls7a@uol.com.br,738 Evergreen Lane,Dhī as Sufāl,,
264,Binky,Weatherall,bweatherall7b@ning.com,3540 Columbus Drive,Ladoang,,
265,Carie,Kennler,ckennler7c@cloudflare.com,439 Oneill Street,Sarāqib,,
266,Demeter,Gawthrop,dgawthrop7d@youku.com,8 Hallows Place,Cikaung,,
267,Kati,Rosewell,krosewell7e@youtube.com,44 Delaware Drive,Xinji,,
268,Stanislaw,Durdle,sdurdle7f@phpbb.com,720 Barby Lane,Rumenka,,
269,Olivie,Polon,opolon7g@japanpost.jp,4619 Eggendart Drive,Marija Bistrica,,49246
270,Kellsie,Calley,kcalley7h@dailymotion.com,97 Shoshone Crossing,Kant,,
271,Katusha,Gutman,kgutman7i@ebay.com,39467 Fairfield Center,Astromil,Porto,4585-794
272,Jeth,Ackwood,jackwood7j@theglobeandmail.com,22403 Fremont Hill,Umeå,Västerbotten,905 92
273,Thomasina,Kuschke,tkuschke7k@narod.ru,797 Glacier Hill Terrace,Nagaoka,,999-2222
274,Hilario,Gippes,hgippes7l@businessinsider.com,79 Wayridge Place,Liusi,,
275,Linda,Swallow,lswallow7m@liveinternet.ru,34 Toban Alley,Marapat,,
276,Wendeline,Weaben,wweaben7n@bloglines.com,1 Brown Lane,Campinas,,13000-000
277,Megan,Worwood,mworwood7o@harvard.edu,0911 Blackbird Street,Haghartsin,,
278,Clim,Yearn,cyearn7p@ucsd.edu,13977 Buena Vista Place,Linhó,Lisboa,2710-144
279,Bentley,O'Dwyer,bodwyer7q@comsenz.com,9 Roth Place,Michałowice,,05-816
280,Anallise,Tutt,atutt7r@theatlantic.com,03966 Scofield Crossing,Tambakbaya,,
281,Vivien,Figgures,vfiggures7s@sohu.com,80594 Linden Drive,Guintubhan,,7008
282,Jannel,Renzo,jrenzo7t@issuu.com,201 Haas Hill,Sapouy,,
283,Elianore,Grzelczyk,egrzelczyk7u@liveinternet.ru,783 Hoepker Center,Metz,Lorraine,57032 CEDEX 01
284,Karisa,Deane,kdeane7v@aol.com,8595 Buell Parkway,Karmah an Nuzul,,
285,Chrisy,Pendall,cpendall7w@alexa.com,18718 Burrows Point,Saidpur,,5311
286,Anne-marie,Kacheller,akacheller7x@stanford.edu,47 Talmadge Way,Youhao,,
287,Zed,Savile,zsavile7y@sina.com.cn,7 Grim Trail,Pasirreungit,,
288,Ethelind,Yosifov,eyosifov7z@freewebs.com,120 Parkside Court,Bayḩān,,
289,Issie,Horsefield,ihorsefield80@home.pl,8 Hallows Center,Heshe,,
290,Alene,Blincow,ablincow81@nymag.com,825 International Terrace,Huangyuan Chengguanzhen,,
291,Davie,Jevons,djevons82@twitpic.com,4 Lillian Plaza,Dingtou,,
292,Tonie,Maiklem,tmaiklem83@princeton.edu,64 Acker Point,Bapska,,32235
293,Terrel,Duncan,tduncan84@census.gov,69 Dunning Plaza,Luzhou,,
294,Bessie,Tidbury,btidbury85@dell.com,0 Kropf Pass,Shewopo,,
295,Devina,Roache,droache86@google.nl,03071 New Castle Park,Nakajah,,
296,Ignacius,Aistrop,iaistrop87@123-reg.co.uk,39608 Sage Avenue,Lawdar,,
297,Heloise,Dikles,hdikles88@mysql.com,31053 Memorial Point,Warungawi,,
298,Julia,Forst,jforst89@ifeng.com,1231 Dwight Crossing,Abū Tīj,,
299,Base,Disney,bdisney8a@dyndns.org,3 Novick Crossing,Pringsewu,,
300,Paulie,Edmund,pedmund8b@admin.ch,63710 Lyons Plaza,Ladário,,79370-000
301,Quintin,Conkie,qconkie8c@europa.eu,6656 Pearson Avenue,Niquero,,
302,Diannne,Byham,dbyham8d@list-manage.com,37247 Killdeer Drive,Soloma,,13008
303,Alyson,McCormack,amccormack8e@hatena.ne.jp,5 Bowman Hill,Isakly,,446587
304,Emilie,Cozins,ecozins8f@skype.com,5 Londonderry Drive,‘Izrā,,
305,Quincy,Chern,qchern8g@cocolog-nifty.com,911 Shopko Place,Zhangcun,,
306,Diandra,Matyasik,dmatyasik8h@artisteer.com,94832 Waubesa Road,Pappádos,,
307,Elora,Croad,ecroad8i@odnoklassniki.ru,2 Grover Park,Dūāb,,
308,Simonette,Mughal,smughal8j@sogou.com,88518 Lawn Lane,Nanterre,Île-de-France,92024 CEDEX
309,Harmon,Cruess,hcruess8k@businessweek.com,819 2nd Circle,Tongshan,,
310,Humfrid,Vassano,hvassano8l@accuweather.com,9 Parkside Way,Rizal,,7104
311,Adolphe,Tulk,atulk8m@virginia.edu,070 Shasta Center,Yaojiagou,,
312,Katee,Widdop,kwiddop8n@paypal.com,08 Sunfield Way,Sukaraja,,
313,Felicle,Oram,foram8o@flickr.com,16 Jana Park,Nizhniy Dzhengutay,,368209
314,Beulah,Di Francesco,bdifrancesco8p@edublogs.org,161 Bowman Alley,Sidem,,
315,Ebba,Wermerling,ewermerling8q@slashdot.org,6456 Old Gate Pass,Salto de Pirapora,,18160-000
316,Mellie,Curnock,mcurnock8r@google.de,98 John Wall Road,Biru,,
317,Dodi,Burtt,dburtt8s@arizona.edu,2630 Colorado Street,Satinka,,399088
318,Nealon,Ruppert,nruppert8t@boston.com,5652 Dennis Hill,Pérama,,
319,Berenice,Gealle,bgealle8u@bigcartel.com,75 Cherokee Pass,Majie,,
320,Serene,Tenpenny,stenpenny8v@unesco.org,5 Algoma Terrace,Almeirim,Santarém,2080-006
321,Johny,Murley,jmurley8w@umn.edu,3 Stuart Trail,Taibai,,
322,Crystal,Lernihan,clernihan8x@princeton.edu,551 Summerview Crossing,Hörby,Skåne,242 94
323,Rosanna,Colleran,rcolleran8y@tmall.com,462 Roxbury Way,Jalpatagua,,22012
324,Somerset,McMichan,smcmichan8z@w3.org,3 Arkansas Avenue,Wichit,,83120
325,Ermina,Rummin,erummin90@sogou.com,678 North Way,Tianhekou,,
326,Maxie,Abdee,mabdee91@deliciousdays.com,3 Gina Street,Pasadena,Newfoundland and Labrador,B2J
327,Dion,Mityushkin,dmityushkin92@mediafire.com,17 Spenser Crossing,Salem,,
328,Dianna,Fassbender,dfassbender93@economist.com,60168 Sachs Hill,Ambelón,,
329,Kiersten,Caseborne,kcaseborne94@ifeng.com,12832 Bunting Terrace,Baizhifang,,
330,Anna-maria,Serginson,aserginson95@constantcontact.com,681 Knutson Drive,Abakaliki,,
331,Carney,Johnikin,cjohnikin96@comcast.net,510 Ridgeview Lane,Krasnokholm,,461360
332,Thedrick,Shillabear,tshillabear97@oaic.gov.au,5019 Southridge Court,La Esperanza,Tamaulipas,87076
333,Nathan,Craigheid,ncraigheid98@smugmug.com,8 Del Mar Hill,Nova Granada,,15440-000
334,Cirilo,Blader,cblader99@mail.ru,29 American Point,Dahuangwei,,
335,Reuven,Abramski,rabramski9a@va.gov,08 Anniversary Road,Minchinābād,,58031
336,Bordie,Falck,bfalck9b@google.ru,60 Reindahl Court,Memaliaj,,
337,Tobiah,Eastabrook,teastabrook9c@jimdo.com,8 New Castle Terrace,Cibingbin,,
338,Abramo,Batho,abatho9d@yelp.com,2324 Vera Circle,Daixi,,
339,Joanna,Sullivan,jsullivan9e@cnbc.com,5 Dorton Court,Sungaipuntik,,
340,Arline,Toolan,atoolan9f@prlog.org,22 Doe Crossing Pass,Lingdong,,
341,Brady,Pardue,bpardue9g@t.co,93060 North Drive,Shlissel’burg,,187349
342,Etan,Millberg,emillberg9h@phoca.cz,12421 Petterle Place,Yaring,,94150
343,Harriott,Schule,hschule9i@lycos.com,96399 Maple Wood Trail,Montceau-les-Mines,Bourgogne,71309 CEDEX
344,Wolfgang,MacGahy,wmacgahy9j@cafepress.com,61847 International Road,San Gabriel,,
345,Benoit,Kemston,bkemston9k@cmu.edu,70 American Ash Park,Nabire,,
346,Merv,Claworth,mclaworth9l@goo.gl,29 Dixon Junction,Söderhamn,Gävleborg,826 70
347,Lizzie,Tetlow,ltetlow9m@goodreads.com,94539 Hovde Crossing,Vĩnh Thuận,,
348,Hartwell,Kos,hkos9n@livejournal.com,126 Little Fleur Street,Dongbatu,,
349,Winna,Brabin,wbrabin9o@tripadvisor.com,837 Luster Circle,Cibolang,,
350,Barbabra,Sealove,bsealove9p@cornell.edu,82 Kim Terrace,Dniprodzerzhyns’k,,
351,Ebba,Winyard,ewinyard9q@engadget.com,31832 Eliot Plaza,Yanggang,,
352,Lulu,Stent,lstent9r@aboutads.info,6 7th Plaza,Ermida,Coimbra,3070-125
353,Erwin,Reuben,ereuben9s@opensource.org,68 Caliangt Place,Kabīrwāla,,57301
354,Stanislas,Weatherley,sweatherley9t@whitehouse.gov,65821 Shasta Terrace,Oslo,Oslo,0323
355,Normie,Smylie,nsmylie9u@google.com.br,57 Buhler Hill,Ngarus,,
356,Carolyne,Shaul,cshaul9v@livejournal.com,9 Farmco Drive,Muriaé,,36880-000
357,Halli,Parker,hparker9w@auda.org.au,773 Algoma Road,Toki,,509-6251
358,Pacorro,Gavrielly,pgavrielly9x@un.org,0258 Haas Drive,Awka,,
359,Yancey,Brendeke,ybrendeke9y@deviantart.com,1109 Eagan Junction,Foz do Iguaçu,,85850-000
360,Petra,Assender,passender9z@foxnews.com,95 Birchwood Lane,Bernardo de Irigoyen,,2248
361,Damiano,Tisun,dtisuna0@theglobeandmail.com,65645 Scoville Center,Owczarnia,,05-824
362,Dougie,Kopec,dkopeca1@webs.com,4 Moulton Plaza,Kaparéllion,,
363,Jelene,Ledstone,jledstonea2@gmpg.org,64071 Columbus Park,Anthoúsa,,
364,Rickie,Kinnaird,rkinnairda3@google.de,68 Lakeland Parkway,Sruki,,
365,Brendin,Gawke,bgawkea4@census.gov,0674 Arapahoe Alley,Purwa,,
366,Gus,La Batie,glabatiea5@woothemes.com,681 Butternut Terrace,Sanhe,,
367,Melonie,Quartermaine,mquartermainea6@shop-pro.jp,27579 Fair Oaks Court,Naifalo,,
368,Dela,Zanioletti,dzaniolettia7@census.gov,64651 Tennessee Court,Kalenderovci Donji,,
369,Antoni,Thornborrow,athornborrowa8@sogou.com,34846 Algoma Way,Bianba,,
370,Bertrand,Ludlam,bludlama9@goo.gl,1 Marcy Pass,Changning,,
371,Gonzalo,Ruppele,gruppeleaa@stumbleupon.com,24 Crescent Oaks Point,Sieradza,,33-240
372,Elsworth,Hallad,ehalladab@goo.ne.jp,19 Arapahoe Center,Resende,,27500-000
373,Dorene,Towersey,dtowerseyac@shutterfly.com,07 Delladonna Court,Haizigou,,
374,Gunter,Poznan,gpoznanad@zdnet.com,5 Manufacturers Trail,Ozerki,,606243
375,Carolann,Hunstone,chunstoneae@jiathis.com,9896 Fremont Circle,Carepa,,057858
376,Ilario,Olden,ioldenaf@vinaora.com,08529 David Street,Cankova,,9261
377,Cassondra,Tabbitt,ctabbittag@pcworld.com,3 Forster Avenue,Marmárion,,
378,Lilli,Vernay,lvernayah@yellowpages.com,3474 Hanover Court,Blerim,,
379,Ines,Emes,iemesai@github.com,003 Harbort Parkway,Cabudare,,
380,Lissie,Strowger,lstrowgeraj@usda.gov,8 Talmadge Pass,Batojaran,,
381,Wally,de Almeida,wdealmeidaak@rakuten.co.jp,690 Del Mar Center,Trzin,,1236
382,Brana,Clappison,bclappisonal@clickbank.net,73 Tomscot Hill,Santa Lucía,,
383,Rhianna,Cereceres,rcereceresam@mozilla.org,054 Becker Avenue,Passos,Viana do Castelo,4990-770
384,Hamlen,Whitfeld,hwhitfeldan@army.mil,11967 Ridgeway Drive,Rayevskiy,,452122
385,Consuela,Burghall,cburghallao@exblog.jp,74678 Tony Trail,Ayaviri,,
386,Celestyna,Girtin,cgirtinap@free.fr,299 Helena Parkway,Murillo,,731067
387,Cherlyn,Mates,cmatesaq@mysql.com,02035 Messerschmidt Alley,Hua Sai,,80170
388,Hendrika,Allan,hallanar@abc.net.au,71 Forest Dale Lane,Sapiranga,,93800-000
389,Yasmeen,Stoven,ystovenas@cafepress.com,52 Memorial Place,Méru,Picardie,60116 CEDEX
390,Salaidh,Lie,slieat@github.io,1825 Merry Lane,Łubniany,,46-024
391,Hardy,Heaps,hheapsau@amazon.co.jp,62005 Dorton Point,Bagahanlad,,5418
392,Carlyn,McNelis,cmcnelisav@nsw.gov.au,43 Hansons Road,Zhaoxian,,
393,Dorothea,Adam,dadamaw@infoseek.co.jp,62592 Hanover Alley,Stanišić,,
394,Harli,Fison,hfisonax@wired.com,32606 Melby Alley,Bāniyās,,
395,Millie,Fillis,mfillisay@csmonitor.com,8 Dahle Parkway,Tobi Village,,
396,Lynna,Gerrans,lgerransaz@fc2.com,1 Ludington Center,Shahr-e Bābak,,
397,Pattie,Cacacie,pcacacieb0@deviantart.com,4 Sunnyside Road,Wesoła,,05-230
398,Teddi,Adamovsky,tadamovskyb1@gmpg.org,2 Bartelt Way,San Miguel,Oaxaca,68540
399,Alexi,Spatig,aspatigb2@com.com,0558 Farwell Trail,San Luis,,8511
400,Ash,Isac,aisacb3@shutterfly.com,5 Golden Leaf Drive,Alicante/Alacant,Comunidad Valenciana,03005
401,Minni,Endrizzi,mendrizzib4@diigo.com,98 Washington Circle,Otse,,
402,Corabelle,Craythorn,ccraythornb5@last.fm,0782 Twin Pines Parkway,Älvdalen,Dalarna,796 91
403,Casi,Lee,cleeb6@webnode.com,0 Anthes Pass,Jajarkrajan,,
404,Pincus,Pedrozzi,ppedrozzib7@google.es,21 Arkansas Center,Iwakura,,999-0436
405,Genovera,Dumbarton,gdumbartonb8@bloomberg.com,14628 Brickson Park Alley,Leksand,Dalarna,793 50
406,Mannie,Dreng,mdrengb9@marketwatch.com,8 Pennsylvania Pass,Stockholm,Stockholm,114 79
407,Dania,Inch,dinchba@psu.edu,1718 Dexter Road,Borås,Västra Götaland,501 88
408,Bobbye,Brenneke,bbrennekebb@engadget.com,55892 Barnett Parkway,Hoàn Kiếm,,
409,Nani,Archbutt,narchbuttbc@dell.com,67026 Northfield Pass,Livramento,Lisboa,2765-366
410,Greg,Gricks,ggricksbd@mediafire.com,13 Village Green Point,Dafundo,Lisboa,1495-701
411,Petrina,Gripton,pgriptonbe@springer.com,41 Eastlawn Drive,Kyrylivka,,
412,Frankie,Stang-Gjertsen,fstanggjertsenbf@t.co,5201 Southridge Junction,Lesuhe,,
413,Annaliese,Giddy,agiddybg@geocities.jp,47339 Merry Pass,Orenburg,,460999
414,Waldo,Devers,wdeversbh@delicious.com,7 Jenna Way,Kraków,,31-999
415,Charline,Sextone,csextonebi@thetimes.co.uk,430 Vernon Center,Lourdes,,1114
416,Annnora,Varley,avarleybj@bravesites.com,4122 Paget Drive,Ono,,989-1505
417,Sari,Prendeville,sprendevillebk@blog.com,416 East Road,Socota,,
418,Norman,Rendbaek,nrendbaekbl@youku.com,59751 Commercial Place,Qalandiyā,,
419,Eldon,Chaudrelle,echaudrellebm@tiny.cc,7821 Ridge Oak Lane,Bogra,,4520
420,Shirlee,Huebner,shuebnerbn@unicef.org,35 Bowman Court,Salinggara,,
421,Johannah,McClintock,jmcclintockbo@constantcontact.com,16168 Coleman Plaza,Moroto,,
422,Shepperd,Furminger,sfurmingerbp@ebay.co.uk,0 Hayes Parkway,Kaiaf,,
423,Chan,Downie,cdowniebq@sfgate.com,71615 Anzinger Drive,Bang Na,,10260
424,Ashla,Twitching,atwitchingbr@slashdot.org,42 Fallview Pass,Calçada,Viana do Castelo,4930-345
425,Frankie,Durnin,fdurninbs@desdev.cn,8735 Kensington Parkway,Xindong,,
426,Kinsley,McGrirl,kmcgrirlbt@japanpost.jp,9228 Meadow Ridge Road,Yidian,,
427,Robin,Domenc,rdomencbu@eepurl.com,2023 Kensington Point,Sruki,,
428,Lucilia,O'Docherty,lodochertybv@berkeley.edu,58450 Heffernan Junction,Dayu,,
429,Dukey,Josskovitz,djosskovitzbw@springer.com,427 Sherman Parkway,Charopó,,
430,Electra,Sautter,esautterbx@ebay.co.uk,9 Merrick Road,Melioratyvne,,
431,Luciana,Fevers,lfeversby@sohu.com,63 Corry Parkway,Cibeusi,,
432,Jacky,Woolbrook,jwoolbrookbz@hibu.com,70 Bartillon Parkway,Лабуништа,,6337
433,Brigit,Luebbert,bluebbertc0@illinois.edu,20 Buell Junction,Hexia,,
434,Ali,Heinl,aheinlc1@ftc.gov,1 Hagan Trail,Kuala Lumpur,Kuala Lumpur,50913
435,Chandler,Stoeckle,cstoecklec2@bloglines.com,4 Norway Maple Street,Ino,,911-0812
436,Hirsch,Landell,hlandellc3@buzzfeed.com,3855 Anhalt Alley,Pagnag,,
437,Fifi,Cropp,fcroppc4@mozilla.org,898 Ridgeway Court,Virbalis,,70061
438,Carla,Spaight,cspaightc5@google.co.uk,92853 Loeprich Park,Sokol,,682574
439,Lynsey,Schiefersten,lschieferstenc6@miitbeian.gov.cn,21112 American Parkway,Tchoban Bey,,
440,Arlin,Champ,achampc7@usda.gov,6 Northport Junction,Clervaux,,L-9765
441,Maddy,Pesselt,mpesseltc8@gnu.org,2 Green Ridge Junction,San Eduardo,,7207
442,Arda,MacGall,amacgallc9@cbc.ca,813 Forest Run Point,‘Anātā,,
443,Eugenio,Harrington,eharringtonca@state.gov,8 Forest Dale Park,Uyo,,
444,Hasheem,Kennan,hkennancb@harvard.edu,24 East Park,Matungao,,9203
445,Brody,Theodoris,btheodoriscc@hatena.ne.jp,371 Browning Plaza,Kibara,,
446,Hank,Firmin,hfirmincd@cornell.edu,22 Beilfuss Center,Beaufort,,L-6380
447,Holmes,Kolczynski,hkolczynskice@vimeo.com,190 Sachtjen Pass,Zhelin,,
448,Kile,Broadbridge,kbroadbridgecf@live.com,331 Elka Hill,Bueng Khong Long,,39180
449,Frazer,Whitfeld,fwhitfeldcg@homestead.com,27737 Marcy Drive,Godong,,
450,Mellisent,Fairlem,mfairlemch@google.co.uk,98 Briar Crest Way,Marseille,Provence-Alpes-Côte d'Azur,13298 CEDEX 20
451,Cami,Sparham,csparhamci@geocities.jp,6 Hauk Court,Cileles,,
452,Nap,Dami,ndamicj@vimeo.com,06 Ridge Oak Junction,Varva,,
453,Viva,Ruscoe,vruscoeck@google.cn,59862 Bluestem Drive,Luyi,,
454,Findley,Knath,fknathcl@huffingtonpost.com,37 1st Court,Majin,,
455,Rebbecca,Koenen,rkoenencm@cdc.gov,600 Hansons Terrace,Sandefjord,Vestfold,3225
456,Laetitia,Shillabear,lshillabearcn@issuu.com,142 Montana Point,Gävle,Gävleborg,806 43
457,Henriette,Bollen,hbollenco@chicagotribune.com,34986 Green Ridge Parkway,Kalodu,,
458,Debbi,Chasles,dchaslescp@whitehouse.gov,2 Lawn Trail,Cirangkong,,
459,Eddie,Shelford,eshelfordcq@biblegateway.com,7 Service Trail,Karangasem,,
460,Valeria,Suddaby,vsuddabycr@uiuc.edu,6082 Spenser Park,Nakhabino,,396072
461,Deidre,Mazillius,dmazilliuscs@deliciousdays.com,16955 1st Plaza,Västervik,Kalmar,593 62
462,Bidget,Challes,bchallesct@unc.edu,63 Holy Cross Alley,Ginatilan,,6028
463,Wilhelmina,Larvin,wlarvincu@economist.com,4259 Pine View Parkway,Nybro,Kalmar,382 43
464,Kimmy,Andrys,kandryscv@oracle.com,08 Bonner Road,Foros do Trapo,Setúbal,2985-129
465,Anita,Isacoff,aisacoffcw@elegantthemes.com,89192 Delladonna Plaza,Perelyub,,413750
466,Shaylyn,Leaman,sleamancx@moonfruit.com,5 Myrtle Road,Bīrganj,,
467,Angus,Duchant,aduchantcy@diigo.com,1 Declaration Crossing,Qinghe,,
468,Cathleen,Baggallay,cbaggallaycz@va.gov,44 Oak Way,Hondo,,503-0232
469,Roseann,Dilliston,rdillistond0@bravesites.com,93750 Merchant Road,Lady Frere,,5419
470,Olly,MacAllister,omacallisterd1@mashable.com,88469 Badeau Street,Nanchoc,,
471,Avigdor,Iseton,aisetond2@narod.ru,5 Miller Point,Changmaoling,,
472,Nels,Merriment,nmerrimentd3@wsj.com,08763 Merry Place,Oyam,,
473,Floris,Hedditch,fhedditchd4@spotify.com,03 Center Drive,Zhuhu,,
474,Janessa,MacAlister,jmacalisterd5@mac.com,06075 Onsgard Alley,Vista Hermosa,,
475,Germain,De Cruz,gdecruzd6@abc.net.au,65 Mandrake Park,Butwāl,,
476,Christyna,Bradburn,cbradburnd7@washington.edu,22 Victoria Plaza,Sultan Kudarat,,4436
477,Tedd,Beesley,tbeesleyd8@paypal.com,6704 Maple Wood Way,Łubnice,,98-432
478,Erich,Honatsch,ehonatschd9@lulu.com,61396 6th Pass,Ibagué,,730019
479,Abbie,Cottu,acottuda@delicious.com,532 Clove Park,Kamennogorsk,,188950
480,Titos,Marginson,tmarginsondb@wsj.com,2570 Iowa Crossing,Edosaki,,300-0636
481,Domenico,Deverock,ddeverockdc@yahoo.com,83221 Esker Lane,Lakbok,,
482,Lannie,Dawidman,ldawidmandd@theatlantic.com,217 Mockingbird Plaza,Valence,Rhône-Alpes,26003 CEDEX
483,Gwyneth,Imore,gimorede@msn.com,0 Old Gate Drive,Marly-le-Roi,Île-de-France,78165 CEDEX
484,Fletch,Brane,fbranedf@indiegogo.com,040 Morrow Parkway,Mueang Suang,,45220
485,Edd,Eby,eebydg@1und1.de,41 Bunker Hill Circle,Lazurne,,
486,Filberto,Haddleston,fhaddlestondh@phoca.cz,6204 Onsgard Point,Maronge,,
487,Celestina,Somerled,csomerleddi@ow.ly,0072 Eastwood Lane,Butuan,,9021
488,Sheilakathryn,Gueny,sguenydj@e-recht24.de,44 Havey Terrace,Peuhaq,,
489,Rhett,Speechly,rspeechlydk@xinhuanet.com,272 Eggendart Trail,Portela,Leiria,2430-162
490,Deloris,Firle,dfirledl@wired.com,3636 Beilfuss Plaza,La Gomera,,05007
491,Julian,Kirlin,jkirlindm@yellowpages.com,8 Talisman Lane,Adraskan,,
492,Kliment,Sawford,ksawforddn@bing.com,7 Reindahl Center,Capitán Sarmiento,,2752
493,Ferd,McCreath,fmccreathdo@icio.us,993 1st Point,Isakly,,446587
494,Forrest,Bleesing,fbleesingdp@plala.or.jp,63 Bultman Trail,Lugang,,
495,Torre,Buttel,tbutteldq@naver.com,068 Kennedy Drive,Nanzhai,,
496,Hermina,Rosier,hrosierdr@hao123.com,09 Fieldstone Drive,Vikhorevka,,665770
497,Maurie,Kingston,mkingstonds@ted.com,10255 Fairfield Crossing,Lucapa,,
498,Claire,Shirlaw,cshirlawdt@github.io,18868 Lotheville Crossing,Kotel’niki,,140093
499,Oralla,Tingly,otinglydu@prlog.org,09 Sloan Crossing,Huanipaca,,
500,Elvin,Whitbread,ewhitbreaddv@example.com,7780 Farmco Alley,Soras,,
501,Cello,Sasser,csasserdw@tmall.com,352 Bonner Way,Shchūchīnsk,,
502,Binky,Korneev,bkorneevdx@liveinternet.ru,49218 Mesta Drive,Bukomansimbi,,
503,Bernete,Bezemer,bbezemerdy@usatoday.com,526 Waubesa Terrace,Tengjia,,
504,Marys,Missenden,mmissendendz@oaic.gov.au,2 Green Ridge Road,Dongjiang Matoukou,,
505,Shela,Kliesl,skliesle0@nhs.uk,562 Steensland Circle,Zhitan,,
506,Tobe,Langland,tlanglande1@ox.ac.uk,5 Sommers Crossing,Rinbung,,
507,Sheilah,Cheatle,scheatlee2@ovh.net,0 Shopko Court,Carleton-sur-Mer,Québec,P0T
508,Lionel,Bernakiewicz,lbernakiewicze3@uiuc.edu,051 Moland Trail,San Eduardo,,7207
509,Brandice,Keble,bkeblee4@tuttocitta.it,6118 Vera Drive,Frydek,,43-229
510,Andrei,Alenichev,aalenicheve5@virginia.edu,5700 Algoma Court,Grästorp,Västra Götaland,467 96
511,Clyde,Nardrup,cnardrupe6@dedecms.com,34 Bartelt Lane,Daxing,,
512,Ulric,Hatterslay,uhatterslaye7@odnoklassniki.ru,85 Grasskamp Trail,Poja,,
513,Ursuline,Tabart,utabarte8@dailymail.co.uk,96 Warrior Avenue,El Paraíso,,
514,Malinda,Brown,mbrowne9@taobao.com,4584 Washington Point,Buenos Aires,,
515,Humfrey,Burges,hburgesea@squidoo.com,27 Mitchell Drive,Xinzhou,,
516,Carroll,Terbrugge,cterbruggeeb@rediff.com,464 Anthes Lane,Gensi,,
517,Margalo,Guage,mguageec@vimeo.com,386 Division Point,Miyazaki-shi,,889-1716
518,Sam,Caney,scaneyed@chicagotribune.com,548 6th Plaza,Đồng Mỏ,,
519,Astra,Zannelli,azannelliee@booking.com,6 Roth Plaza,Khanabad,,
520,Talbert,Varah,tvarahef@google.com.hk,5240 Alpine Trail,Doushaguan,,
521,Tarrance,Orchart,torcharteg@quantcast.com,28038 Messerschmidt Plaza,Tshaneni,,
522,Bobbye,Harbach,bharbacheh@cloudflare.com,0905 Washington Court,Montélimar,Rhône-Alpes,26209 CEDEX
523,Obediah,Biasotti,obiasottiei@cargocollective.com,614 Service Terrace,Turiys’k,,
524,Christie,Frudd,cfruddej@amazon.co.jp,6 Hauk Place,Ichinomiya,,941-0056
525,Taylor,Ville,tvilleek@symantec.com,3 7th Avenue,Yantan,,
526,Hugh,Ralph,hralphel@clickbank.net,001 Magdeline Place,Doubrava,,735 33
527,Kimball,Foy,kfoyem@ebay.co.uk,48762 Sunfield Junction,Bayantal,,
528,Mable,Comelini,mcomelinien@aol.com,86389 Quincy Pass,Ayía Triás,,
529,Cirstoforo,Ruxton,cruxtoneo@privacy.gov.au,60 Doe Crossing Circle,Valvedditturai,,71326
530,Elladine,Drummond,edrummondep@youtube.com,9130 Maywood Park,Yuanquan,,
531,Reena,Kahn,rkahneq@squarespace.com,160 High Crossing Hill,Xin’an,,
532,Bree,Vennings,bvenningser@godaddy.com,788 South Hill,Guinticgan,,5019
533,Romona,Robecon,rrobecones@exblog.jp,76891 Emmet Court,Castanheira,Braga,4820-781
534,Malorie,Costard,mcostardet@networksolutions.com,17045 Carberry Drive,Lagos,,
535,Wilfrid,Breadon,wbreadoneu@mapy.cz,4088 Lakewood Gardens Plaza,New Orleans,Louisiana,70149
536,Sylvan,Whitlam,swhitlamev@weebly.com,2 Arkansas Point,Jiatou,,
537,Erina,Edeson,eedesonew@icq.com,4 Sugar Park,Baruny,,
538,Zelma,Speke,zspekeex@diigo.com,6132 Saint Paul Circle,Nazran’,,386150
539,Fern,Scay,fscayey@amazon.com,26874 Forest Run Crossing,Shanshu,,
540,Jasmine,Merriment,jmerrimentez@zimbio.com,17 Lillian Avenue,Vishow,,
541,Barbra,Pearcey,bpearceyf0@slate.com,32277 Straubel Parkway,Seremban,Negeri Sembilan,70504
542,Mitch,Conklin,mconklinf1@joomla.org,42 Hoepker Alley,Puerto Varas,,
543,Rani,O' Kelleher,rokelleherf2@economist.com,3112 Spaight Alley,Ogden,Utah,84409
544,Fleur,Weatherup,fweatherupf3@mail.ru,2341 Arrowood Plaza,Hengtanggang,,
545,Giorgio,Corstorphine,gcorstorphinef4@bloglines.com,23 Grim Pass,Naftalan,,
546,Felipa,Kluss,fklussf5@wordpress.com,3 Grover Trail,Ad Darbāsīyah,,
547,Kristine,Toupe,ktoupef6@nifty.com,4974 Dovetail Avenue,Xiadahe,,
548,Rosette,Mundford,rmundfordf7@jugem.jp,98679 Beilfuss Avenue,Campoalegre,,413028
549,Quinn,Maciocia,qmaciociaf8@about.com,2 Brown Road,Nashville,Tennessee,37220
550,Hillyer,Osban,hosbanf9@mediafire.com,827 Tony Alley,Dundbürd,,
551,Deny,Massow,dmassowfa@vinaora.com,6 Messerschmidt Circle,Villa Bisonó,,11105
552,Jasen,Danzey,jdanzeyfb@buzzfeed.com,9 3rd Center,Adrasmon,,
553,Valentino,Styant,vstyantfc@paginegialle.it,0923 Pine View Point,Itararé,,18460-000
554,Katrine,Lamport,klamportfd@sphinn.com,462 Aberg Plaza,Caucete,,5442
555,Boone,Hargrave,bhargravefe@histats.com,02817 Blaine Pass,Jietou,,
556,Aurelia,Velareal,avelarealff@jiathis.com,8682 Erie Street,Rive-de-Gier,Rhône-Alpes,42809 CEDEX
557,Helaina,Reichardt,hreichardtfg@ucoz.ru,63780 Lukken Point,Aguasay,,
558,Garland,Dmiterko,gdmiterkofh@usatoday.com,781 Linden Street,Dumaguil,,9510
559,Darline,Avrahamov,davrahamovfi@reddit.com,707 Becker Circle,Walce,,47-344
560,Shane,Frowde,sfrowdefj@elpais.com,04640 Service Court,Lago da Pedra,,65715-000
561,Eadie,Steers,esteersfk@sourceforge.net,345 Artisan Parkway,Mutum Biyu,,
562,Bonnee,Jaqueminet,bjaqueminetfl@prweb.com,49 Karstens Junction,Xinbao,,
563,Allie,Ingrem,aingremfm@cpanel.net,7 Norway Maple Court,Jiaoba,,
564,Electra,Coombes,ecoombesfn@parallels.com,6771 Monica Center,Casa Branca,,13700-000
565,Rora,Ber,rberfo@stumbleupon.com,2724 Talmadge Plaza,Ljusdal,Gävleborg,827 82
566,Axel,Kennealy,akennealyfp@drupal.org,5296 Clemons Plaza,Trogan Barat,,
567,Raoul,Glendining,rglendiningfq@jalbum.net,1 Forest Run Trail,Niandou,,
568,Bil,Cawsy,bcawsyfr@nih.gov,3 Transport Junction,Mabini,,6313
569,Eamon,Maraga,emaragafs@deliciousdays.com,0882 Kim Trail,Buliwao,,3711
570,Allister,Hlavecek,ahlavecekft@vk.com,52 International Court,Tyret’ Pervaya,,666330
571,Lolly,Spring,lspringfu@paginegialle.it,95532 Duke Center,Montpellier,Languedoc-Roussillon,34934 CEDEX 9
572,Phillipe,Fundell,pfundellfv@toplist.cz,90277 Daystar Park,Yashikera,,
573,Latrina,Banham,lbanhamfw@t-online.de,7 Riverside Circle,Mykolayiv,,
574,Yancey,Durek,ydurekfx@github.com,66989 Meadow Valley Terrace,Verkh-Usugli,,674100
575,Joni,Yell,jyellfy@ed.gov,172 Melody Pass,Ash Shuqayrah,,
576,Katharine,Keelan,kkeelanfz@dailymotion.com,7 5th Road,Tanlin,,
577,Thane,Shilstone,tshilstoneg0@umn.edu,41738 Village Green Circle,Rzeszów,,35-959
578,Davine,Twinbrow,dtwinbrowg1@elegantthemes.com,733 Muir Street,Tokoname,,479-0871
579,Sayre,Cheke,schekeg2@google.cn,90 Ramsey Pass,Sietesz,,37-206
580,Vickie,Woollam,vwoollamg3@ucoz.ru,25659 Anniversary Avenue,Cibunar,,
581,Riordan,Imrie,rimrieg4@ucoz.ru,3 Carpenter Lane,Jiahe,,
582,Irma,Kedwell,ikedwellg5@merriam-webster.com,2 Columbus Drive,Tamaulipas,Tamaulipas,89060
583,Kain,Brockelsby,kbrockelsbyg6@rakuten.co.jp,374 Warbler Alley,Daqiao,,
584,Meade,Bingall,mbingallg7@behance.net,611 Oxford Place,San Juan,,6227
585,Kassey,Bryde,kbrydeg8@deviantart.com,45 Hovde Pass,Los Cerrillos,,
586,Fay,Chater,fchaterg9@europa.eu,0 4th Street,Březová,,747 44
587,Pearline,Shreeves,pshreevesga@icq.com,07 Randy Street,Nacimiento,,
588,Holly-anne,Fowles,hfowlesgb@flickr.com,0 Fulton Junction,Boyany,,
589,Hilliard,Biggar,hbiggargc@china.com.cn,8447 Birchwood Terrace,Conchagua,,
590,Luce,Scamadine,lscamadinegd@soundcloud.com,45 Barby Plaza,Boca Chica,,11102
591,Carina,Noon,cnoonge@4shared.com,767 Mallard Crossing,Xiaocun,,
592,Xerxes,Paulich,xpaulichgf@nifty.com,18 Dahle Terrace,Panshan,,
593,Kristin,Knolles-Green,kknollesgreengg@forbes.com,95 Lake View Trail,Karlskoga,Örebro,691 83
594,Batsheva,Caddie,bcaddiegh@flickr.com,83034 Moulton Pass,Perm,,614097
595,Melva,Gabey,mgabeygi@pcworld.com,8721 Redwing Road,Fengyi,,
596,Keary,Barbie,kbarbiegj@cisco.com,26558 Ramsey Center,Lemahputih,,
597,Jedediah,Guyet,jguyetgk@hibu.com,4 Division Road,Sendangagung,,
598,Clarita,Bell,cbellgl@dyndns.org,49 Meadow Ridge Trail,Madison,Wisconsin,53710
599,Isiahi,Lohde,ilohdegm@nhs.uk,60917 Brown Circle,Nove-Misto,,
600,Ingeborg,Bosence,ibosencegn@un.org,00 Schurz Crossing,Kopong,,
601,Kale,Dunphie,kdunphiego@noaa.gov,3220 Marquette Circle,Gayle,,
602,Ellwood,Goulbourn,egoulbourngp@mediafire.com,923 Towne Plaza,Wangcao,,
603,Hillard,Proger,hprogergq@istockphoto.com,924 Huxley Street,Mueang Nonthaburi,,11120
604,Brendis,Pottiphar,bpottiphargr@bravesites.com,8 Sutherland Road,Matina,,70501
605,Esme,Tewelson,etewelsongs@si.edu,883 Logan Court,Bourgoin-Jallieu,Rhône-Alpes,38319 CEDEX
606,Jean,Fairhurst,jfairhurstgt@cnbc.com,448 Barnett Point,Guadalupe Victoria,Tamaulipas,87086
607,Darryl,Stannis,dstannisgu@hubpages.com,9 Graceland Avenue,Tawan tawan,,8610
608,Calvin,Ricco,criccogv@a8.net,1 Shoshone Plaza,Kasturi,,
609,Misha,Bastock,mbastockgw@1und1.de,80 Memorial Way,Barabedang,,
610,Caesar,Nanetti,cnanettigx@storify.com,102 Lakewood Trail,Shangkuli,,
611,Skylar,Rizzi,srizzigy@unicef.org,90 North Lane,Kristianstad,Skåne,291 41
612,Erny,Fadden,efaddengz@slashdot.org,8600 Northridge Park,Zumiao,,
613,Jephthah,Cianelli,jcianellih0@scientificamerican.com,6 Eastwood Center,Lutun,,
614,Locke,Cartlidge,lcartlidgeh1@gmpg.org,53547 Hayes Road,Zhongguan,,
615,Koenraad,Dionis,kdionish2@uol.com.br,1 Dahle Court,Takikawa,,503-0625
616,Janie,Cranstone,jcranstoneh3@google.com.au,60433 Vernon Street,Gorey,,Y25
617,Caterina,Curnucke,ccurnuckeh4@hud.gov,96128 Trailsway Junction,Maardu,,
618,Teodoro,Jandel,tjandelh5@google.fr,577 Memorial Center,Angan,,
619,Aldin,Borrill,aborrillh6@behance.net,83179 Hagan Point,Velký Újezd,,783 55
620,Quintana,Garrould,qgarrouldh7@ovh.net,9266 Arrowood Place,Guayabo Dulce,,11904
621,Ivie,Gwyn,igwynh8@dot.gov,21706 Northridge Street,Doksy,,472 01
622,Editha,Iannuzzelli,eiannuzzellih9@guardian.co.uk,4614 Anzinger Pass,Phra Pradaeng,,10130
623,Naoma,Osler,noslerha@bigcartel.com,056 Sugar Park,Orion,,2102
624,Abbie,Mathewes,amatheweshb@webnode.com,83 Coleman Road,Altunemil,,
625,Scot,McGarvey,smcgarveyhc@hubpages.com,32 Gerald Park,Josefův Důl,,468 44
626,Burnard,Gilburt,bgilburthd@nymag.com,586 Commercial Hill,Fengtang,,
627,Reine,Ellins,rellinshe@msu.edu,2 Kinsman Plaza,Lashkar Gāh,,
628,Ilene,Furmagier,ifurmagierhf@ibm.com,26 Acker Way,Quba,,
629,Brandy,Beadman,bbeadmanhg@ucoz.ru,5 Hoffman Road,Abū Zabad,,
630,Woodman,Couroy,wcouroyhh@liveinternet.ru,7 Springs Place,Brak,,
631,Any,Petett,apetetthi@huffingtonpost.com,48 Dennis Park,Lucas,,95000-000
632,Sanderson,Pabelik,spabelikhj@latimes.com,77 Ridgeview Circle,Santa Ana,,4631
633,Conrado,Hayesman,chayesmanhk@slideshare.net,5 Summerview Place,Houston,Texas,77090
634,Emiline,Chiplen,echiplenhl@blinklist.com,134 Hauk Pass,Tsybulevka,,
635,Beverie,Morford,bmorfordhm@wikimedia.org,78626 Ryan Parkway,Wasogolo,,
636,Case,Hollibone,chollibonehn@joomla.org,1882 Goodland Road,Ilopango,,
637,Garwood,Newing,gnewingho@gmpg.org,128 Starling Point,Oslo,Oslo,0102
638,Scotti,Skatcher,sskatcherhp@yandex.ru,15722 Twin Pines Pass,Cikuning,,
639,Griffie,Josuweit,gjosuweithq@angelfire.com,740 Annamark Alley,Tākestān,,
640,Axe,Woolfall,awoolfallhr@ibm.com,914 Donald Crossing,Karangbayat,,
641,Lorilee,Heams,lheamshs@rakuten.co.jp,179 Lindbergh Place,Milotice,,696 05
642,Margit,Roscamp,mroscampht@technorati.com,903 Old Shore Court,Taocheng,,
643,Mahmoud,Piegrome,mpiegromehu@github.io,903 Dottie Hill,Sam Khok,,12160
644,Jeremy,Mullineux,jmullineuxhv@washingtonpost.com,14 Glendale Junction,Chaiwan,,
645,Axel,Seabon,aseabonhw@ed.gov,23 Kenwood Junction,Koton Karifi,,
646,Ami,McQuaide,amcquaidehx@cbsnews.com,81837 Springview Avenue,Barobo,,8309
647,Albert,Brokenbrow,abrokenbrowhy@whitehouse.gov,1 Hintze Park,Tit Mellil,,
648,Josee,Tierny,jtiernyhz@flickr.com,8 Arrowood Park,Hovd,,
649,Egan,Chartres,echartresi0@jugem.jp,4215 Crownhardt Place,Konza,,
650,Jess,Rablen,jrableni1@goodreads.com,40 Kinsman Pass,Liujiachang,,
651,Minny,Goutcher,mgoutcheri2@zdnet.com,50801 Northview Place,Shahre Jadide Andisheh,,
652,Nahum,Selby,nselbyi3@fotki.com,183 Bartillon Plaza,Ljusdal,Gävleborg,827 24
653,Consalve,Charrett,ccharretti4@google.it,03198 Pine View Plaza,Ngrowo,,
654,Cary,McCartan,cmccartani5@latimes.com,774 Bashford Hill,Babakanjaya,,
655,Henriette,Ponte,hpontei6@unesco.org,50546 Anthes Junction,Bichura,,671360
656,Tucky,Gossop,tgossopi7@disqus.com,3664 Northridge Junction,Police nad Metují,,549 54
657,Fritz,Groneway,fgronewayi8@studiopress.com,0 Stone Corner Junction,Porto Velho,,78900-000
658,Kessia,Antoniak,kantoniaki9@fastcompany.com,47410 Everett Point,Krong Pi Nang,,86220
659,Georgena,Trusty,gtrustyia@forbes.com,56204 Hoard Junction,Vukatanë,,
660,Kalila,Dank,kdankib@furl.net,5 Manufacturers Drive,Penedo,,57200-000
661,Dallas,Noye,dnoyeic@bluehost.com,39 New Castle Road,Changshu City,,
662,Shawna,Orring,sorringid@cnn.com,279 Surrey Plaza,Karangarjo,,
663,Hilliary,Iaduccelli,hiaduccelliie@abc.net.au,65 Haas Lane,Huddinge,Stockholm,141 48
664,Wolfgang,Conningham,wconninghamif@wufoo.com,63399 Hudson Junction,Delicias,,
665,Jeanelle,McCallion,jmccallionig@usatoday.com,54085 Meadow Valley Crossing,Oliveira,,35540-000
666,Amil,Laker,alakerih@purevolume.com,366 Coolidge Junction,Abuko,,
667,Leisha,Bapty,lbaptyii@state.gov,5365 Warrior Pass,Tân Kỳ,,
668,Estrellita,Hearsey,ehearseyij@plala.or.jp,4317 7th Place,Cha-am,,76120
669,Marcelo,Isaq,misaqik@taobao.com,69092 Kim Street,Valencia,,6306
670,Petronille,Grundle,pgrundleil@jiathis.com,05649 Jenifer Trail,Nong Khae,,18140
671,Eachelle,Arnull,earnullim@blogger.com,0 Northridge Alley,Novoaleksandrovsk,,356003
672,Roselle,Hinstridge,rhinstridgein@sitemeter.com,5 Thackeray Parkway,Nanpiao,,
673,Frannie,Boxhill,fboxhillio@dmoz.org,8 Reinke Junction,Makilala,,9401
674,Janessa,Deme,jdemeip@aol.com,36 Thackeray Hill,Kuala Bintang,,
675,Yolanda,Tapton,ytaptoniq@webeden.co.uk,35737 Milwaukee Alley,Kirs,,155310
676,Thane,Poutress,tpoutressir@twitter.com,91927 Eastwood Circle,Messina,Sicilia,98168
677,Reube,Hilhouse,rhilhouseis@macromedia.com,3 Farwell Point,Tanbuqiao,,
678,Margalit,Fagg,mfaggit@dyndns.org,5 Coolidge Street,Shaliangzi,,
679,Tressa,Ucceli,tucceliiu@merriam-webster.com,70666 Pepper Wood Crossing,Nova Viçosa,,45920-000
680,Bert,Seakin,bseakiniv@thetimes.co.uk,7 Rusk Crossing,Xiaocun,,
681,Marja,Vreiberg,mvreibergiw@nps.gov,92 Swallow Plaza,Sarilhos Grandes,Setúbal,2870-514
682,Brander,Prene,bpreneix@e-recht24.de,20735 Roxbury Terrace,Portelinha,Viana do Castelo,4950-850
683,Kayley,Joyes,kjoyesiy@merriam-webster.com,2668 Lakeland Court,Changmaoling,,
684,Jonathon,Fawcitt,jfawcittiz@cisco.com,76179 Briar Crest Lane,Energodar,,
685,Em,Wasson,ewassonj0@ucla.edu,5 Village Crossing,Kabacan,,9407
686,Dell,Graveson,dgravesonj1@unicef.org,6586 Johnson Hill,Neos Voutzás,,
687,Tami,Ramsell,tramsellj2@sakura.ne.jp,3512 Lawn Trail,Kedungreja,,
688,Aloysius,Furley,afurleyj3@taobao.com,6085 Parkside Drive,Lenger,,
689,Bird,Leer,bleerj4@uiuc.edu,0 Autumn Leaf Center,Wangbuzhuang,,
690,Gertie,Warrick,gwarrickj5@netlog.com,0459 Waywood Park,Xinqiao,,
691,Justin,O'Kinneally,jokinneallyj6@homestead.com,48548 Lawn Point,Hüremt,,
692,Nita,Carratt,ncarrattj7@over-blog.com,35 Center Terrace,Lefkoniko,,
693,Dame,Clamp,dclampj8@digg.com,7 Butterfield Way,Bayantal,,
694,Jordan,Ivanishin,jivanishinj9@taobao.com,1121 Mayer Plaza,Serra,Porto,4575-069
695,Averil,Rumble,arumbleja@livejournal.com,945 Steensland Drive,Kentville,Nova Scotia,B4N
696,Garfield,Brammar,gbrammarjb@sitemeter.com,87 Talisman Avenue,Koryukivka,,
697,Massimiliano,Merveille,mmerveillejc@theatlantic.com,960 Buhler Point,Mahendranagar,,
698,Farah,Crampin,fcrampinjd@blog.com,50800 Kim Street,Llano de Piedra,,
699,Raymond,O'Suaird,rosuairdje@51.la,892 Grim Place,Umeå,Västerbotten,906 12
700,Rivy,McInnery,rmcinneryjf@redcross.org,57 Fairview Circle,San Francisco,,8501
701,Eugenia,Mincher,emincherjg@fema.gov,88760 Everett Trail,Huaishu,,
702,Georg,Shevlan,gshevlanjh@elpais.com,9018 Magdeline Hill,Yangqing,,
703,Benito,Trudgian,btrudgianji@cafepress.com,7 Knutson Lane,Yamkino,,601231
704,Joey,Geeves,jgeevesjj@newyorker.com,016 Riverside Drive,Haikoudajie,,
705,Zonnya,Blasiak,zblasiakjk@blogspot.com,0 Kingsford Street,Junglinster,,L-6155
706,Kelcy,Dresche,kdreschejl@shinystat.com,3402 Dahle Road,Dawuhan,,
707,Granny,Jeppensen,gjeppensenjm@vimeo.com,230 Elmside Street,Kiruna,Norrbotten,981 31
708,Otho,Glendining,oglendiningjn@hugedomains.com,0 Grayhawk Plaza,Mandor,,
709,Bartholemy,Kindred,bkindredjo@nationalgeographic.com,1 Warbler Way,Novais,Braga,4765-122
710,Lacy,Delmage,ldelmagejp@51.la,788 Caliangt Center,Dongxi,,
711,Ola,Forseith,oforseithjq@columbia.edu,09887 Del Sol Pass,Sokarame,,
712,Oren,Buchanan,obuchananjr@rambler.ru,08934 Dwight Road,Raman,,95140
713,Erda,Vawton,evawtonjs@instagram.com,34640 Arkansas Way,Kaliningrad,,346527
714,Coretta,Caulder,ccaulderjt@admin.ch,3599 Spaight Road,Ibitinga,,14940-000
715,Alie,Erskin,aerskinju@oakley.com,90 Mitchell Parkway,Kańczuga,,37-220
716,Salvador,Foley,sfoleyjv@tinypic.com,9963 Surrey Circle,Lapuan,,3015
717,Ronna,Elgee,relgeejw@macromedia.com,59820 Fremont Crossing,Piława Górna,,58-240
718,Ignatius,Climpson,iclimpsonjx@delicious.com,0 Fremont Road,Filipstad,Värmland,682 33
719,Rozele,Germain,rgermainjy@uol.com.br,5 Crowley Alley,Calçada,Viana do Castelo,4930-345
720,Louis,Joutapavicius,ljoutapaviciusjz@google.com,71657 Donald Lane,Susiec,,22-672
721,Ailey,Wakley,awakleyk0@psu.edu,27 Dryden Crossing,Dampit Satu,,
722,Harcourt,Duncombe,hduncombek1@smh.com.au,1 Morning Terrace,Ziyang,,
723,Anet,Erb,aerbk2@over-blog.com,3 Dorton Avenue,Prozor,,
724,Gan,Gosz,ggoszk3@bloomberg.com,4 Bartillon Court,Novomykolayivka,,
725,Murvyn,Pember,mpemberk4@webs.com,67 Dixon Pass,El Carmen,,3190
726,Neile,Paula,npaulak5@whitehouse.gov,8 Dottie Point,Abangay,,5035
727,Miguela,Pilkinton,mpilkintonk6@angelfire.com,723 Harper Terrace,Jianghu,,
728,Kaleb,Kuschek,kkuschekk7@cmu.edu,4212 Hansons Drive,Firenze,Toscana,50136
729,Alexandre,Longbothom,alongbothomk8@google.es,9 Mifflin Terrace,Daitōchō,,579-8066
730,Noel,McDaid,nmcdaidk9@google.com.br,94 Meadow Vale Point,Gunziying,,
731,Sherm,Denisevich,sdenisevichka@quantcast.com,0867 Buena Vista Road,Darhan,,
732,Rossie,Measor,rmeasorkb@google.com.au,41079 Gerald Trail,Ellös,Västra Götaland,474 31
733,Jasmin,Landall,jlandallkc@vistaprint.com,1194 Logan Center,Wuxue Shi,,
734,Jenni,Blazy,jblazykd@who.int,357 Novick Way,Aserrío de Gariché,,
735,Gilburt,Sive,gsiveke@facebook.com,69202 East Street,Qinling Jieban,,
736,Mandy,Desport,mdesportkf@soup.io,43797 Susan Court,Nobo,,
737,Lorie,Dunbar,ldunbarkg@apple.com,4 Mccormick Court,Sabang,,3905
738,Jeniece,Arkwright,jarkwrightkh@trellian.com,14 Lunder Parkway,Boshkengash,,
739,Tabby,Arnet,tarnetki@amazonaws.com,06748 Green Center,Andong,,
740,Obadiah,Pendall,opendallkj@seattletimes.com,4200 Lakewood Hill,Kyjov,,592 14
741,Glenden,Guillond,gguillondkk@flickr.com,3 Tony Avenue,Bularit,,2302
742,Patric,Igonet,pigonetkl@ucsd.edu,98943 Briar Crest Terrace,Villa Paula de Sarmiento,,5413
743,Batsheva,MacGoun,bmacgounkm@cargocollective.com,2192 Sullivan Way,Chejiazhuang,,
744,Martin,Grimble,mgrimblekn@skyrock.com,83 Iowa Drive,Huibu,,
745,Lindsy,Booi,lbooiko@github.io,79256 Melrose Trail,Chợ Gạo,,
746,Anabelle,Fourcade,afourcadekp@wikipedia.org,7 Milwaukee Crossing,Waddān,,
747,Cristabel,Nickels,cnickelskq@ft.com,155 Manley Point,Mrzeżyno,,72-330
748,Marlo,Halworth,mhalworthkr@icq.com,909 Valley Edge Way,Necoclí,,057878
749,Ozzy,Elph,oelphks@mtv.com,94906 Hooker Alley,Youfang,,
750,Lewiss,Antoniat,lantoniatkt@ifeng.com,0467 Eastwood Road,Urechcha,,
751,Carole,Sennett,csennettku@dropbox.com,3 Golf Terrace,Xijiang,,
752,Rae,McLaggan,rmclaggankv@t-online.de,30 Loftsgordon Trail,Bejsce,,28-512
753,Selie,Whittleton,swhittletonkw@samsung.com,7 Grim Terrace,Krasnotorka,,
754,Fonz,Askell,faskellkx@ca.gov,8 Manley Alley,Fratar,,
755,Jacinda,Minget,jmingetky@dedecms.com,78 Dapin Lane,Mafraq,,
756,Chaunce,Swett,cswettkz@msn.com,4 Anhalt Court,Oefau,,
757,Tanhya,Hayer,thayerl0@networkadvertising.org,9 Del Sol Crossing,Granja,Viseu,4690-711
758,Moe,Ellingford,mellingfordl1@flavors.me,8540 Oak Valley Point,Kolobolon,,
759,Ford,Micheli,fmichelil2@quantcast.com,462 Brentwood Trail,Talisayan,,9012
760,Abagail,Yurmanovev,ayurmanovevl3@uol.com.br,3160 Ohio Junction,Tsalgar,,
761,Korella,Condit,kconditl4@whitehouse.gov,778 Old Gate Park,Xundian,,
762,Dorothee,Dallewater,ddallewaterl5@constantcontact.com,4 Pine View Crossing,Umeå,Västerbotten,906 42
763,Demetris,Felix,dfelixl6@elpais.com,76 Garrison Court,Markaryd,Kronoberg,285 35
764,Halimeda,Thomazet,hthomazetl7@addtoany.com,6352 Grover Drive,Bang Ban,,13250
765,Filbert,Gayther,fgaytherl8@cyberchimps.com,10406 High Crossing Terrace,Jambuir Timur,,
766,Elmo,Pirie,epiriel9@economist.com,33 Northridge Alley,Kalijeruk,,
767,Felix,Kimbly,fkimblyla@yelp.com,78 Westridge Park,Changyŏn,,
768,Corie,Schukert,cschukertlb@rediff.com,76066 Swallow Street,Fryazino,,141196
769,Dean,Belliveau,dbelliveaulc@google.co.uk,6674 Kropf Center,Tacoma,Washington,98405
770,Lenette,Housam,lhousamld@newyorker.com,7488 Michigan Lane,Bălţi,,MD-6222
771,Kellen,Ricciardiello,kricciardiellole@nationalgeographic.com,33 Stoughton Court,Sevaster,,
772,Rab,Fellenor,rfellenorlf@macromedia.com,3 Beilfuss Center,Türkmenbaşy,,
773,Ellyn,Birdwhistell,ebirdwhistelllg@thetimes.co.uk,22341 Bunker Hill Place,San Diego,,
774,Waldo,Tuppeny,wtuppenylh@dedecms.com,3933 Meadow Vale Circle,Ludgeřovice,,747 14
775,Odo,Straker,ostrakerli@flavors.me,99 Stoughton Pass,Maurisu,,
776,Jeanie,Sager,jsagerlj@freewebs.com,5 Scofield Park,Réo,,
777,Lucienne,Jahner,ljahnerlk@dropbox.com,8231 Dunning Court,Longshan,,
778,Nico,Hansel,nhanselll@businesswire.com,2 Ludington Pass,Pontevedra,Galicia,36005
779,Meridith,Gwynn,mgwynnlm@ustream.tv,2424 Carpenter Way,Alor Setar,Kedah,05622
780,Ginger,Lewtey,glewteyln@go.com,8 Raven Terrace,Slavyansk-na-Kubani,,353567
781,Faythe,Clemetts,fclemettslo@ted.com,9120 Carberry Trail,Bafoulabé,,
782,Dun,Masse,dmasselp@ucla.edu,3 Twin Pines Junction,Baisha,,
783,Rollins,Leteurtre,rleteurtrelq@infoseek.co.jp,07053 Utah Crossing,Czeremcha,,17-240
784,Tyler,MacAvaddy,tmacavaddylr@jalbum.net,0 Jana Court,Tullinge,Stockholm,146 40
785,Hortense,Herreran,hherreranls@utexas.edu,2571 Center Lane,Słupno,,09-472
786,Amabelle,Pawlyn,apawlynlt@yelp.com,448 Ludington Court,Motala,Östergötland,591 71
787,Shermie,Haffenden,shaffendenlu@apple.com,6 Bayside Plaza,Fort Liberté,,
788,Rocky,Pethrick,rpethricklv@nba.com,774 Golf Street,Molchanovo,,636330
789,Benn,King,bkinglw@virginia.edu,4 Dixon Plaza,Newark,New Jersey,07104
790,Adela,Shaplin,ashaplinlx@blogger.com,4 Bartelt Avenue,Savanna-la-Mar,,
791,Burton,Triggle,btrigglely@privacy.gov.au,28664 Magdeline Lane,Dabaozi,,
792,Brunhilda,Mulholland,bmulhollandlz@cisco.com,665 Bunker Hill Hill,Cabo Frio,,28900-000
793,Carena,Minchenton,cminchentonm0@geocities.jp,10086 Summerview Lane,Borås,Västra Götaland,507 52
794,Eran,Videler,evidelerm1@studiopress.com,24447 Dwight Hill,Newark,Delaware,19714
795,Prent,Cawdery,pcawderym2@time.com,14499 Golf Lane,Волочаевское,,238346
796,Gena,Hugnet,ghugnetm3@chronoengine.com,85731 Bluejay Pass,Sacramento,,38190-000
797,Peter,Gabby,pgabbym4@list-manage.com,14293 Mallory Circle,Brest,Bretagne,29609 CEDEX 2
798,Ramsey,Moggle,rmogglem5@cnn.com,17 Hudson Trail,Chantilly,Picardie,60506 CEDEX
799,Hulda,Ninnotti,hninnottim6@technorati.com,68360 Basil Terrace,Jaciara,,78820-000
800,Jacquenetta,Balston,jbalstonm7@blogtalkradio.com,3014 Corscot Junction,Kamárai,,
801,Katalin,Stubbins,kstubbinsm8@prlog.org,7 Sunfield Plaza,Daidaon,,
802,Jacki,Pallatina,jpallatinam9@github.io,970 Dawn Circle,Youyun,,
803,Giffard,Raunds,graundsma@google.it,76251 Gale Parkway,Babakan,,
804,Jess,Matussevich,jmatussevichmb@google.cn,9 Gateway Alley,Paipu,,
805,Creigh,Cuppleditch,ccuppleditchmc@geocities.com,93203 Elgar Parkway,Sorang,,
806,Noland,Robke,nrobkemd@sohu.com,40161 Golf View Alley,Baturaja,,
807,Humfrid,Jansky,hjanskyme@biblegateway.com,5 Judy Lane,Combita,,150208
808,Rachelle,Tansley,rtansleymf@github.io,09021 Cambridge Terrace,Pervomays’k,,
809,Golda,Lorey,gloreymg@de.vu,98982 Mariners Cove Plaza,San José de los Remates,,
810,Martie,Ridings,mridingsmh@furl.net,03 Westridge Park,Pekan,Pahang,26620
811,Grant,Chatenet,gchatenetmi@simplemachines.org,85048 West Alley,Mestre,Veneto,30175
812,Herbie,Blew,hblewmj@miitbeian.gov.cn,956 Bultman Junction,Galatás,,
813,Delmor,Petzolt,dpetzoltmk@scientificamerican.com,75 Little Fleur Trail,Dong’an,,
814,Niall,Grunwald,ngrunwaldml@merriam-webster.com,571 Golden Leaf Center,Haoping,,
815,Kale,Kinworthy,kkinworthymm@ehow.com,2 Bayside Court,Kitimat,British Columbia,V8C
816,Tito,Jentges,tjentgesmn@tamu.edu,26386 Chinook Trail,Wang Hin,,33270
817,Gaby,Penswick,gpenswickmo@biblegateway.com,4068 Blackbird Road,Dankunku,,
818,Porter,Hairyes,phairyesmp@cdc.gov,766 Coleman Way,Kalayemule,,
819,Zaccaria,Blakeman,zblakemanmq@ucoz.com,51 Dayton Drive,Araulí,,
820,Bambi,Bendan,bbendanmr@livejournal.com,14736 Susan Junction,Bandar Pusat Jengka,Pahang,26485
821,Kali,Lymer,klymerms@auda.org.au,635 Hazelcrest Hill,Huangbu,,
822,Cullan,Twigge,ctwiggemt@huffingtonpost.com,15333 Vahlen Place,Ercheng,,
823,Bel,Hingeley,bhingeleymu@nba.com,65709 Sheridan Court,Mehrābpur,,79051
824,Waring,Quarles,wquarlesmv@ftc.gov,36920 Gateway Place,Laholm,Halland,312 36
825,Bobine,Nisco,bniscomw@ted.com,27078 Victoria Trail,Katima Mulilo,,
826,Dawna,Longhi,dlonghimx@wp.com,42 Carberry Court,Kujang,,
827,Pris,Duffil,pduffilmy@who.int,0 Emmet Plaza,Mendez-Nuñez,,4221
828,Malva,Schiell,mschiellmz@smugmug.com,26 Jenifer Plaza,Praya,,
829,Iolanthe,Bellany,ibellanyn0@imdb.com,5 Laurel Terrace,Juzhen,,
830,Donna,Hanlin,dhanlinn1@studiopress.com,9178 Stoughton Junction,Qiulu,,
831,Nels,Curm,ncurmn2@ucsd.edu,7210 Cottonwood Avenue,Hujigou,,
832,Roana,O'Hare,roharen3@dell.com,80 Straubel Trail,Bendo,,
833,Mychal,Bert,mbertn4@macromedia.com,29680 Truax Point,Phong Điền,,
834,Andromache,Trillo,atrillon5@eventbrite.com,10 Maple Wood Avenue,Guadalupe,Veracruz Llave,94590
835,Harriot,Manion,hmanionn6@prweb.com,08770 Badeau Place,Nesebar,,8217
836,Deloris,Burleigh,dburleighn7@ebay.com,640 Scoville Place,Guanting,,
837,King,Burgett,kburgettn8@amazon.co.uk,6284 Crownhardt Plaza,Enzan,,918-8207
838,Borden,Steagall,bsteagalln9@mail.ru,7933 Northfield Park,Charqueadas,,96745-000
839,Alfredo,Evason,aevasonna@youtu.be,665 Forest Run Parkway,Koffiefontein,,9987
840,Thibaut,Feenan,tfeenannb@arizona.edu,3 Algoma Circle,Maliana,,
841,Roxie,Joint,rjointnc@disqus.com,40819 Esker Park,Proletar,,
842,Lorena,Foystone,lfoystonend@blinklist.com,63 Fair Oaks Junction,Krajan Bakalan,,
843,Anabelle,Garner,agarnerne@marketwatch.com,813 Cottonwood Pass,Amphoe Sikhiu,,30140
844,Hildagarde,Immins,himminsnf@hostgator.com,0 Riverside Park,Sabanagrande,,
845,Paulina,Dillingston,pdillingstonng@sphinn.com,36810 Jackson Parkway,Korfovskiy,,601423
846,Kaila,Huegett,khuegettnh@globo.com,20175 Walton Crossing,Baykonyr,,
847,Tobe,Meneghelli,tmeneghellini@samsung.com,1 Dwight Parkway,Raydah,,
848,Clari,Naulls,cnaullsnj@intel.com,2176 Dryden Road,Popil'nya,,
849,Nadia,Tomkowicz,ntomkowicznk@geocities.com,74392 Nevada Junction,San Francisco,,10802
850,Bram,Giff,bgiffnl@fda.gov,78 Declaration Park,Liuheng,,
851,Rowney,Bazeley,rbazeleynm@fema.gov,774 Carberry Drive,Dalumangcob,,6022
852,Mahala,Jee,mjeenn@issuu.com,6992 Fallview Avenue,Rego,Porto,4635-637
853,Ashia,Knight,aknightno@springer.com,39 Texas Junction,Shunyi,,
854,Penrod,Garioch,pgariochnp@friendfeed.com,90 Declaration Park,Qiansuo,,
855,Glad,Jiruch,gjiruchnq@domainmarket.com,52127 Brickson Park Lane,Dupi,,
856,Berta,Cleen,bcleennr@deliciousdays.com,17187 Starling Court,Loikaw,,
857,Burg,Hansemann,bhansemannns@taobao.com,05 Swallow Place,Ngunguru,,0154
858,Sarajane,Howland,showlandnt@fda.gov,516 Blue Bill Park Road,Dukay,,2101
859,Rodrique,Sellor,rsellornu@loc.gov,450 Donald Hill,Bulacnin,,5614
860,Quintin,Frankis,qfrankisnv@hostgator.com,25 Springs Plaza,Kalininskiy,,646626
861,Dniren,Van Giffen,dvangiffennw@ehow.com,4 Mariners Cove Way,Strogino,,669469
862,Mikaela,Mainds,mmaindsnx@surveymonkey.com,507 Kenwood Trail,Zhongnan,,
863,Trefor,Doers,tdoersny@over-blog.com,1 Reindahl Pass,Kanoni,,
864,Jenica,Wigelsworth,jwigelsworthnz@yelp.com,2 Harbort Plaza,Las Vegas,Nevada,89105
865,Fonzie,Rosenfield,frosenfieldo0@sphinn.com,195 Harbort Way,Osório,,95520-000
866,Nancy,Liles,nlileso1@parallels.com,95 Mccormick Alley,Wensu,,
867,Codie,Tremblay,ctremblayo2@chronoengine.com,3 Warrior Terrace,Hejiang,,
868,Carson,Hylden,chyldeno3@wufoo.com,054 Park Meadow Parkway,Pasirhuni,,
869,Dody,Moxstead,dmoxsteado4@cisco.com,91173 Algoma Drive,Batakte,,
870,Sid,Van Arsdalen,svanarsdaleno5@sun.com,64267 Bartillon Road,Niedźwiedź,,34-735
871,Nerissa,Smidmore,nsmidmoreo6@scientificamerican.com,221 Village Green Alley,Kawasaki,,999-3145
872,Bear,MacGeaney,bmacgeaneyo7@goo.ne.jp,160 Rockefeller Street,Saint-Louis,Alsace,68309 CEDEX
873,Margalo,Brisland,mbrislando8@elegantthemes.com,835 Almo Street,Meilin,,
874,Dav,Fores,dforeso9@wp.com,767 Artisan Center,Parion,,5805
875,Erin,Burkhill,eburkhilloa@facebook.com,0468 Russell Pass,Sigou,,
876,Debi,Newberry,dnewberryob@microsoft.com,431 Nancy Place,Las Matas de Santa Cruz,,10507
877,Farica,Deevey,fdeeveyoc@feedburner.com,909 Hintze Trail,Skärhamn,Västra Götaland,471 31
878,Jocelyne,McKibbin,jmckibbinod@mediafire.com,4039 Maryland Court,Neresnytsya,,
879,Myrlene,Meriot,mmeriotoe@bandcamp.com,17 Golf Parkway,Bajera,,
880,Conrad,Loughnan,cloughnanof@furl.net,8035 Lakewood Gardens Point,Ningchegu,,
881,Roshelle,Espinoy,respinoyog@vk.com,749 Fairview Hill,Boldumsaz,,
882,Kamillah,Assard,kassardoh@blogger.com,50 La Follette Road,Lesogorsk,,665501
883,Geordie,Wombwell,gwombwelloi@ca.gov,26 Forest Dale Pass,Welisara,,11830
884,Shani,Leabeater,sleabeateroj@mac.com,184 Lakeland Court,Yafan,,
885,Holden,Owttrim,howttrimok@pinterest.com,225 Old Gate Junction,Laspezia,Liguria,19125
886,Reyna,Cattermull,rcattermullol@reverbnation.com,109 Clarendon Place,El Corpus,,
887,Gipsy,Gleadhall,ggleadhallom@studiopress.com,59 Cascade Trail,Hongxing,,
888,Allyson,Foster,afosteron@fastcompany.com,9924 Sundown Way,Listvyanskiy,,633224
889,Bord,Womack,bwomackoo@slideshare.net,89 Holy Cross Center,Huangze,,
890,Griffy,Parkhouse,gparkhouseop@g.co,4979 Becker Center,Bukabu,,
891,Leif,Britney,lbritneyoq@google.com.hk,05807 Clyde Gallagher Way,Hongwansi,,
892,Gretal,Stowgill,gstowgillor@typepad.com,2532 Katie Drive,Bogale,,
893,Chrysa,Wellstood,cwellstoodos@sitemeter.com,6 Manley Pass,Yezhu,,
894,Nicky,Foxen,nfoxenot@boston.com,9430 Dunning Pass,Chemnitz,Sachsen,09116
895,Meyer,Checci,mchecciou@bigcartel.com,2 Swallow Street,Canillo,,AD100
896,Darline,Suston,dsustonov@irs.gov,4218 Jay Trail,Massaguet,,
897,Brittan,Gilbee,bgilbeeow@fastcompany.com,43 Utah Plaza,Gorjani,,31422
898,Wynne,Stanfield,wstanfieldox@amazon.co.jp,192 Charing Cross Circle,Villa Carlos Paz,,5152
899,Willabella,Cudbertson,wcudbertsonoy@shareasale.com,8655 Sloan Place,Rychtal,,63-630
900,Kari,Scrogges,kscroggesoz@howstuffworks.com,41 Crest Line Trail,Yinjiacheng,,
901,Zuzana,Rikel,zrikelp0@last.fm,281 La Follette Avenue,Zengjia,,
902,Dewey,Dameisele,ddameiselep1@yahoo.co.jp,2214 Monterey Lane,Bretaña,,
903,Mattie,Dinwoodie,mdinwoodiep2@e-recht24.de,6945 Nancy Place,Sadabumi,,
904,Jon,Drury,jdruryp3@g.co,035 Eliot Circle,Nakano,,999-7734
905,Cos,Rioch,criochp4@google.com,2 Carberry Road,Benoy,,
906,Remus,Tollmache,rtollmachep5@ftc.gov,5 Village Park,Shuitianzhuang,,
907,Duky,Arthurs,darthursp6@statcounter.com,663 Lyons Way,Foso,,
908,Bathsheba,Fidell,bfidellp7@ocn.ne.jp,9522 Reinke Pass,Jūybār,,
909,Chuck,MacGuffog,cmacguffogp8@cdbaby.com,61 Moose Center,Dongtou,,
910,Urbain,Olivetti,uolivettip9@mayoclinic.com,989 Briar Crest Hill,Alcains,Castelo Branco,6005-005
911,Tonye,MacFie,tmacfiepa@nhs.uk,3 Sloan Street,Guandu,,
912,Claude,Winchcomb,cwinchcombpb@mozilla.org,08644 Old Gate Park,Leitões,Braga,4805-191
913,Nesta,Needham,nneedhampc@discovery.com,6 Lighthouse Bay Point,Xindong,,
914,Aylmar,Suter,asuterpd@dion.ne.jp,12113 Clemons Center,Vila Franca da Beira,Coimbra,3405-605
915,Noll,Masseo,nmasseope@buzzfeed.com,47066 Surrey Crossing,Bāgh-e Malek,,
916,Lenka,Goodlud,lgoodludpf@vkontakte.ru,0535 Rusk Point,Hongwŏn,,
917,Elvin,Christoffe,echristoffepg@rambler.ru,1 3rd Hill,Gyeongsan-si,,
918,Bettina,Loren,blorenph@pbs.org,5813 Loftsgordon Pass,Jocón,,
919,Austin,Yon,ayonpi@com.com,81881 Namekagon Hill,Kananga,,
920,Gerek,Kinghorne,gkinghornepj@dell.com,05394 Cambridge Pass,Kuče,,10419
921,Ysabel,Prue,ypruepk@skyrock.com,67092 Thompson Pass,Dadiharja,,
922,Selina,Nolan,snolanpl@umn.edu,17 Grover Road,Daeosin Satu,,
923,Aila,Dellenbrook,adellenbrookpm@mayoclinic.com,5679 Barby Avenue,Carbajales,,
924,Dickie,Vigurs,dvigurspn@freewebs.com,83144 Mifflin Court,Lélouma,,
925,Sileas,O'Growgane,sogrowganepo@cdc.gov,34 Browning Plaza,Ursk,,242467
926,Griselda,Aharoni,gaharonipp@reddit.com,16258 Brown Court,Quebradas,Lisboa,2065-114
927,Corabella,Adolfson,cadolfsonpq@marriott.com,911 Straubel Place,Mường Nhé,,
928,Gare,Toynbee,gtoynbeepr@seattletimes.com,3046 Eagan Circle,Balqash,,
929,Kile,Warricker,kwarrickerps@shop-pro.jp,6452 Butterfield Center,Cẩm Phả,,
930,Andre,Mangham,amanghampt@aboutads.info,1976 Cascade Circle,Marteleira,Lisboa,2530-342
931,Melisa,Dandie,mdandiepu@seattletimes.com,332 Brickson Park Street,Freire,,
932,Will,Spurling,wspurlingpv@cafepress.com,114 Park Meadow Way,Dvinskoy,,165500
933,Kaspar,Lorriman,klorrimanpw@webeden.co.uk,33983 Emmet Junction,Berëzovyy,,682738
934,Emmott,Rochford,erochfordpx@ycombinator.com,53547 Miller Junction,Xijiang,,
935,Molli,Halbard,mhalbardpy@amazon.de,45030 Tennessee Drive,Jiefang,,
936,Linell,Straffon,lstraffonpz@dedecms.com,42 Lien Trail,Wewoloe,,
937,Ellerey,Cowely,ecowelyq0@blog.com,3 Myrtle Point,Longchiqiao,,
938,Ave,Toner,atonerq1@slideshare.net,19 Sycamore Trail,Aral,,
939,Gratiana,Ruprecht,gruprechtq2@ted.com,16 Wayridge Hill,Shanxia,,
940,Cherlyn,Astupenas,castupenasq3@vistaprint.com,61078 Columbus Court,Kalmar,Kalmar,392 30
941,Timoteo,Phelps,tphelpsq4@over-blog.com,23414 Katie Park,Xichang,,
942,Christoper,O'dell,codellq5@exblog.jp,030 7th Park,Presidente Dutra,,65760-000
943,Colet,Bluett,cbluettq6@miibeian.gov.cn,96 Badeau Hill,Buenavista,,8601
944,Giulia,Grattan,ggrattanq7@domainmarket.com,023 Onsgard Pass,Yên Lạc,,
945,Nanon,Keane,nkeaneq8@dagondesign.com,967 Straubel Alley,Fort Wayne,Indiana,46857
946,Baron,Brownsworth,bbrownsworthq9@msn.com,59 Bultman Center,Jalalaqsi,,
947,Marylee,Heinke,mheinkeqa@sohu.com,279 Holmberg Drive,Majin,,
948,Paul,Goodley,pgoodleyqb@jugem.jp,0 Prairie Rose Plaza,Anyuan,,
949,Marybelle,Muzzillo,mmuzzilloqc@cpanel.net,98 Sachtjen Center,Wysoka,,89-320
950,Leshia,Edmunds,ledmundsqd@jugem.jp,47 Bayside Point,Elx/Elche,Comunidad Valenciana,03203
951,Linoel,McClure,lmcclureqe@psu.edu,9854 Eagle Crest Street,Yavne,,
952,Matti,McCrisken,mmccriskenqf@ocn.ne.jp,774 Gale Parkway,Colonia Yguazú,,
953,Casey,Moorerud,cmoorerudqg@theatlantic.com,38 Toban Plaza,Huaqiao,,
954,Alano,Heaney`,aheaneyqh@weibo.com,64386 Charing Cross Way,Čair,,1040
955,Conrado,Pimlott,cpimlottqi@stanford.edu,5905 Tennessee Drive,Hollywood,Florida,33023
956,Helyn,Cavy,hcavyqj@csmonitor.com,84646 Carioca Park,Ndjolé,,
957,Matthiew,Avrahamov,mavrahamovqk@photobucket.com,1 Sutteridge Way,Zavetnoye,,357014
958,Othella,Edgerton,oedgertonql@economist.com,38281 Esch Trail,Chernomorskiy,,353265
959,Lusa,Crossgrove,lcrossgroveqm@scientificamerican.com,7161 Thompson Plaza,Villa Concepción del Tío,,2433
960,Peta,Paddefield,ppaddefieldqn@issuu.com,46021 Fallview Park,Xintun,,
961,Rona,MacGahy,rmacgahyqo@wikispaces.com,683 Sachs Alley,Kampánis,,
962,Eydie,Parsons,eparsonsqp@bing.com,263 Warner Point,Telde,Canarias,35213
963,Adams,Sidon,asidonqq@usda.gov,0457 Maywood Point,Gongrong,,
964,Emmy,Birney,ebirneyqr@reference.com,404 Talisman Place,Antes,Aveiro,3050-015
965,Daron,Peakman,dpeakmanqs@sina.com.cn,804 Longview Plaza,Qiantang,,
966,Liane,Sivyer,lsivyerqt@tripadvisor.com,42 Macpherson Street,Banjarjo,,
967,Dido,Genever,dgeneverqu@meetup.com,68571 Cordelia Way,Vũ Thư,,
968,Lyndy,Tunnow,ltunnowqv@blogs.com,56 International Street,Birmingham,Alabama,35215
969,Odele,Crocetti,ocrocettiqw@webeden.co.uk,65 Stephen Pass,Lahad Datu,Sabah,91117
970,Letty,Willbraham,lwillbrahamqx@naver.com,7 Meadow Vale Point,El Zulia,,545518
971,Merle,Pearman,mpearmanqy@issuu.com,659 Warbler Pass,Enshi,,
972,Betteanne,Whitley,bwhitleyqz@arstechnica.com,749 Delaware Place,Bestöbe,,
973,Tommie,Meegan,tmeeganr0@aol.com,8205 Hooker Terrace,Lantian,,
974,Alaster,Savins,asavinsr1@arstechnica.com,7 Fisk Terrace,Lunik,,
975,Cale,Woodruff,cwoodruffr2@harvard.edu,8163 Rieder Lane,Banjarejo,,
976,Nathanil,Paylor,npaylorr3@buzzfeed.com,8 Randy Center,Carodok,,
977,Riobard,Serchwell,rserchwellr4@jimdo.com,183 Oxford Way,Atlanta,Georgia,31119
978,Mireielle,MacGruer,mmacgruerr5@yellowbook.com,75116 Blue Bill Park Point,Nova Lima,,34000-000
979,Cordell,Skells,cskellsr6@skype.com,05 Buhler Way,Shaxi,,
980,Lanie,Jaggi,ljaggir7@biglobe.ne.jp,2 Gulseth Road,Canis,,
981,Madge,Tantum,mtantumr8@livejournal.com,2039 Blackbird Road,Elato,,
982,Bradford,Gouny,bgounyr9@ycombinator.com,2 Victoria Circle,Balma,Midi-Pyrénées,31139 CEDEX
983,Josepha,Pendrigh,jpendrighra@ow.ly,043 Westport Circle,Bāqim as Sūq,,
984,Renell,Crosskell,rcrosskellrb@cdc.gov,8787 Goodland Parkway,Gaula,Ilha da Madeira,9100-035
985,Tonie,Hazell,thazellrc@bbc.co.uk,625 Village Green Way,Luodian,,
986,Nan,Fawcus,nfawcusrd@utexas.edu,54 Daystar Lane,Buenos Aires,,
987,Lorelei,Woolward,lwoolwardre@whitehouse.gov,720 Rockefeller Point,Shangshaleng,,
988,Edi,Josefson,ejosefsonrf@addtoany.com,43734 Meadow Valley Trail,Pinara,,
989,Nancey,Engall,nengallrg@hexun.com,69 Annamark Drive,Chwaszczyno,,80-209
990,Eadie,Haslehurst,ehaslehurstrh@sourceforge.net,0474 Sundown Trail,Norrtälje,Stockholm,761 31
991,Ned,Broun,nbrounri@youku.com,1508 Stang Point,Richky,,
992,Koral,Hargate,khargaterj@guardian.co.uk,126 Buena Vista Alley,Maoshan,,
993,Kacie,Masdin,kmasdinrk@paginegialle.it,421 Atwood Terrace,Śródmieście,,05-090
994,Deane,Boother,dbootherrl@google.com.br,443 Kenwood Plaza,Áno Kastrítsion,,
995,Tana,Yarranton,tyarrantonrm@sciencedirect.com,1 Grasskamp Hill,Numan,,
996,Lawrence,Eade,leadern@jimdo.com,0066 Fair Oaks Lane,Bardaï,,
997,Friedrick,Gordon,fgordonro@pinterest.com,369 Bartillon Circle,Paris 18,Île-de-France,75879 CEDEX 18
998,Siana,Dishmon,sdishmonrp@mapquest.com,8099 Sauthoff Crossing,Pasirmukti,,
999,Eduino,Tommaseo,etommaseorq@fc2.com,2 Pawling Trail,Kresna,,2833
1000,Janine,Windows,jwindowsrr@list-manage.com,214 Dawn Pass,Denver,Colorado,80217
